cluster,ref,SimbadName,ra,ra_error,dec,dec_error,GLON,GLAT,pmra,pmra_error,pmdec,pmdec_error,parallax,parallax_error,ruwe,N_dr3,radial_velocity_error,radial_velocity_med,radial_velocity_std,rv_nb_transits,N_apogee,vhelio_avg,verr,vscatter,vhelio_avg_med,vhelio_avg_std,nvisits_apogee,N_rv_weighted,rv_weighted,rv_weighted_error,rv_weighted_med,rv_weighted_std,NF_VRAD_FLAG,N_ges,VRAD,E_VRAD,VRAD_med,VRAD_std,N_galah,rv_galah,e_rv_galah,rv_galah_med,rv_galah_std,N_rave,HRV,e_HRV,HRV_med,HRV_std,N_X,X,X_std,N_Y,Y,Y_std,N_Z,Z,Z_std,N_U,U,U_std,N_V,V,V_std,N_W,W,W_std,vx,vy,vz,age_myr,N_tot,l,b,rv_lsr,rv_lsr_m_s,d_to_rw
Theia_58,He+2022,,120.504244502512,0.0458366934458414,-31.122723382140613,0.0567478879292806,248.26632596863035,-0.2735446529114541,-8.912594291953518,0.0614235750834147,5.535214079377095,0.0740167045593261,2.034276008130991,0.0686999575297037,1.6964671834309897,61,3.74341070456583,28.05764389038086,12.785958681020176,22.901639344262296,0,,,,,,,61,29.05852129029446,3.743410557019906,28.05764389038086,12.785958681020167,,0,,,,,0,,,,,0,,,,,150,-182.36617476848045,10.086179222846766,150,-457.413555591946,19.65083531359809,150,-2.3849704139951178,4.231865909481134,61,-31.29525169317289,5.440815150106159,61,-18.761938730581345,11.651527870458418,61,-10.789367547547876,1.570761690941062,-20.19525169317289,-6.521938730581345,-3.539367547547876,31.6227766016838,150,248.263328304122,-0.2774981978894625,13.554321334137464,13554.321334137465,339.0657977350976
NGC_2451A,CantatGaudin+2020,NGC 2451A,115.7755054281105,0.0333156556881446,-38.26279375991402,0.039239148719073,252.4485027240812,-7.252609490927901,-21.069992779667064,0.0447136858798946,15.359710015503628,0.0496654798617175,5.199592370317118,0.0428121197979976,1.1602281645345545,108,4.607333430537471,23.36090469360352,29.41205591600819,18.03703703703704,0,,,,,,,126,23.53148966327838,3.3739533543058986,23.31522168719489,21.66704437619161,2.5,34,23.12470559512868,0.629117629107307,23.299999237060547,1.4585534392618569,0,,,,,3,24.831666666666667,2.885333333333333,20.479,15.162030851952371,331,-57.56336677473789,4.214718601563739,331,-181.94034617966005,4.2738869427293205,331,-24.281446917876384,2.7848995863620147,126,-27.24807121868688,6.188246408309487,126,-14.544940005186858,20.570989524741496,126,-12.856120010932232,2.8988525025465868,-16.14807121868688,-2.3049400051868574,-5.606120010932232,35.48135450617082,331,252.4433611344814,-7.251445024589282,7.719704919503206,7719.704919503206,273.5029197659218
Trumpler_10,CantatGaudin+2020,Cl Trumpler 10,131.96840289605237,0.0276825530729055,-42.60461961840424,0.0313851254867588,262.908852261484,0.5667900868210983,-12.505036013258318,0.0367011029163455,6.595698492486007,0.0398554596500872,2.3169731806037213,0.0354025120637854,1.0705917946605723,219,4.172669293129281,21.27318382263184,14.500792970515477,20.926940639269407,0,,,,,,,228,19.8576907615038,3.977573733237376,21.26317024230957,14.252530306890112,2.5,12,20.468334197998047,0.3808333079020182,21.48500061035156,4.943429712855303,0,,,,,0,,,,,441,-53.33047360233613,7.625423253926302,441,-428.51473280712776,11.807757345690383,441,4.281179917430305,4.908798846481691,228,-28.80583651203781,1.971573332943917,228,-16.50098528326367,14.133973186226246,228,-11.134128018701418,0.7994312986393741,-17.705836512037813,-4.26098528326367,-3.8841280187014178,32.359382746997106,441,262.9057746247321,0.5680264305743458,6.376239949543723,6376.239949543723,422.46534432476346
CWNU_1016,He+2022,,167.07121145260993,0.0413092442921229,-59.376014561767846,0.0388986042567661,290.12145391138347,0.9007137136455252,-15.249668710493731,0.0529840128762381,-0.9227799819297212,0.0491223471505301,2.386328738814638,0.0485997710909162,1.285041264125279,16,4.793229579925537,5.834115028381348,7.649130769593746,13.4375,0,,,,,,,16,3.87732465704958,3.569048358065783,6.533735303530568,7.497064527050048,,4,7.829999923706055,0.3949999809265136,7.815000057220459,0.6600379435874566,0,,,,,0,,,,,35,144.2626318082137,6.982381595923074,35,-393.6361375151395,10.129643447313295,35,6.550810322420512,5.336280406266841,16,-24.10178661342787,2.579031551183889,16,-13.200260398420795,7.055915971872006,16,-13.621787293227896,1.89886537335896,-13.00178661342787,-0.9602603984207948,-6.3717872932278965,50.11870135142811,35,290.1272421637599,0.8952017351133504,-3.671490997706289,-3671.490997706289,559.1975148690052
CWNU_1020,He+2022,,134.84921411099285,0.047831896812685,-54.90028628054986,0.0488770854088567,273.57562058100086,-5.867046994348558,-10.481423794949007,0.0635949603972896,7.791442477018236,0.0606568282650363,2.288638514412789,0.0531298114407447,1.3024015118998866,49,4.186124217753508,14.38376522064209,14.169608190469196,20.632653061224488,0,,,,,,,49,12.1084463766643,4.186124232350563,14.38376522064209,14.169608190469184,,0,,,,,0,,,,,0,,,,,124,27.159657682071085,8.650391048339577,124,-434.3421556174201,16.989534896441384,124,-44.6555594489825,4.114032416800949,49,-25.883802601456924,1.630364621539515,49,-13.16260339598484,14.017938280069805,49,-7.072459234077503,2.206689418423508,-14.783802601456925,-0.92260339598484,0.1775407659224965,35.48135450617082,124,273.57807844663563,-5.858702455826238,-0.0199454619484794,-19.945461948479448,475.0944516965931
UPK_515,Sim+2019,,120.9460899228664,0.0281599731445312,-45.44590731721074,0.031665298461914,260.65421537053845,-7.538607862265967,-6.349868477822934,0.0379381561279296,7.339616898826145,0.040102195739746,1.7129143443289423,0.033562442779541,1.0831727294921876,66,5.664654818448153,25.35724258422852,10.556953170613411,17.106060606060606,0,,,,,,,66,23.832617017845934,5.233423624558192,25.35724258422852,10.234625762113682,3.0,5,22.65,0.2920000076293945,24.6299991607666,12.066348180991977,0,,,,,0,,,,,125,-94.14520766032209,12.606109369704583,125,-571.9590081794288,24.56156048046411,125,-76.68245930315355,5.620773970903084,66,-29.821783889520127,1.9317057076071305,66,-18.520365897627425,10.081763265614464,66,-7.448281827038837,1.434189861200968,-18.721783889520125,-6.280365897627425,-0.1982818270388371,39.81070831325058,125,260.6528536052022,-7.535885521065871,9.18390881461058,9183.90881461058,440.1128617932635
Alessi_5,CantatGaudin+2020,Cl Alessi 5,160.66735824395195,0.0361004826129506,-61.05549062632871,0.0352407337464008,287.982245224799,-1.9849874478133915,-15.384549327045152,0.0470691857878694,2.546644483921098,0.043341518677387,2.511252845378701,0.0416020789916572,1.0374234648504617,127,5.622565802626722,10.384661674499512,17.89203948765443,13.133858267716535,2,92.85490417480467,0.0944151083628336,1.2210227648417156,92.85490417480467,98.31410455703738,0.5,128,14.460143954076491,5.514354028658115,10.410001754760742,23.738521260730742,,0,,,,,0,,,,,1,9.179,1.819,9.179,0.0,291,122.89268138130954,4.849531047523721,291,-378.7029865391767,9.45661207253336,291,-13.784860687665637,3.984352975313993,128,-22.08807323659681,7.190117549743169,128,-22.018677668503155,22.579544702341696,128,-10.000514675183496,1.0392544305552602,-10.98807323659681,-9.778677668503155,-2.750514675183496,67.60828566222641,291,287.9787343657325,-1.9829488194969973,6.001208254859801,6001.208254859801,529.846244522059
UPK_449,Sim+2019,,107.71852560925927,0.0322337434781308,-9.46772474917862,0.0340188481160347,223.5637360569691,-0.0372941735696683,-5.508969637335661,0.0403043481687836,2.661789320937101,0.0397729873657226,1.7518156373245433,0.0401760852889509,1.0372497356490584,68,6.597269843606388,38.06800842285156,17.027667783791347,11.911764705882351,0,,,,,,,68,36.66453809597913,6.597270157845581,38.06800651550293,17.027667783791266,,0,,,,,0,,,,,0,,,,,151,-414.1854122246808,15.73866912362519,151,-393.959990718891,16.01409775298004,151,-0.3218952870888636,4.028023418885278,68,-35.7118585414344,12.387722248149368,68,-15.65534306173137,11.68906271753901,68,-9.838168366306352,0.4021959645604845,-24.6118585414344,-3.4153430617313703,-2.588168366306352,56.23413251903491,151,223.56636017023789,-0.0322646329151616,20.188466562069586,20188.466562069585,180.69739615980652
CWNU_1034,He+2022,,113.61633785562807,0.0266292323457433,-25.181810568647453,0.036473477140386,240.07027855295573,-2.5047434403322897,-7.856910749696041,0.0341863327838004,5.847535153539079,0.0476694766511308,2.2043838074827025,0.0483643805727045,1.086989869462683,16,4.348636150360107,30.905271530151367,5.492079838948641,29.1875,1,36.98036193847656,0.6911628842353821,0.0,36.98036193847656,0.0,1.0,16,32.646421128980364,4.0880325417661165,31.060338020324707,5.549224140594886,,0,,,,,0,,,,,0,,,,,47,-226.2202141558461,7.370036723775839,47,-393.1110865093702,13.876441798355629,47,-19.889995639749007,4.257463243742151,16,-32.8130852084938,3.027950394242961,16,-18.19703511577986,4.528121018600159,16,-10.248381177767628,0.6394399149569046,-21.7130852084938,-5.957035115779862,-2.9983811777676284,35.48135450617082,47,240.0812391654377,-2.5110157088477605,16.109038557814834,16109.038557814834,268.0292636946172
CWNU_1037,He+2022,,127.94580643171756,0.0855362995250805,-44.36884947213127,0.096700094841622,262.5289869806,-2.8168613000509017,-7.483325477906741,0.1156733358228528,7.121143265214593,0.1235196783735945,2.129652556583464,0.1056241473636111,3.121255616883974,10,4.294153594970704,18.20489883422852,16.9441188767671,17.0,0,,,,,,,10,21.685177946090697,4.294153451919556,18.204899787902832,16.944118876767057,,0,,,,,0,,,,,0,,,,,37,-61.57445909294534,7.355288990087639,37,-468.5664288276079,39.43730042955605,37,-23.468559994908475,5.925756454820084,10,-25.28446509166414,2.616420710128563,10,-18.455084360476214,17.01129745965283,10,-3.872817357521433,3.633132825275328,-14.18446509166414,-6.215084360476213,3.377182642478567,50.11870135142811,37,262.5136404107788,-2.8429122851059483,7.832843268482334,7832.843268482334,427.87093759944605
CWNU_515,He+2022,,131.80596554282047,0.045239276007602,-63.13715391508197,0.0398567726737574,279.0665277361048,-12.258310994462818,-26.596614411665875,0.0643256965436433,15.421242516914898,0.0505676457756444,4.857965415640903,0.0439587455046804,1.042814154373972,14,3.043674741472517,10.801347732543944,9.378434401781504,22.357142857142858,0,,,,,,,14,7.875929404817896,2.731083192603794,11.492661516447704,9.498350173915432,,0,,,,,6,10.85760811948522,2.140392832652378,11.858500003814695,2.766077971893968,0,,,,,38,31.72347523411514,3.0718218862089026,38,-198.68500945689976,3.780392777492612,38,-43.71586540631423,1.8048296087067568,14,-26.33401010600276,1.5239489515882696,14,-9.578221325507997,9.290474147204122,14,-12.906018328395104,1.9214866322219728,-15.234010106002762,2.661778674492004,-5.656018328395104,31.6227766016838,38,279.07168277901707,-12.258348709580256,-3.71485261235795,-3714.85261235795,356.3139191570878
UPK_479,Sim+2019,,107.7398130290709,0.023465916033714,-27.74589254269653,0.0308526292923958,239.89926164887217,-8.354730719547836,-3.168925875783135,0.0309654128166937,6.30008085583076,0.0392379876106016,1.6506068052007092,0.0373052550900367,1.0542851109658518,31,4.178689279863911,36.62911605834961,10.585429949469356,26.741935483870968,1,26.38524055480957,0.84569251537323,14.41598892211914,26.38524055480957,0.0,11.0,32,35.61269214749336,4.074533272534609,36.36923599243164,10.549709189271876,,0,,,,,0,,,,,0,,,,,62,-301.2204267044417,14.8542774314565,62,-519.6603358848334,24.9816587872868,62,-88.15675955093725,5.052863142802631,32,-35.09669956627492,5.547645502879827,32,-20.29040449632301,8.753415493691593,32,-5.294488476057238,1.7267613650074902,-23.99669956627492,-8.05040449632301,1.9555115239427616,44.66836902389504,62,239.9013314532364,-8.34962539441681,18.513684267738267,18513.684267738263,240.24826166823289
UPK_488,Sim+2019,,120.3863741483381,0.0325817016356769,-31.015544202491387,0.0399802457840047,248.1218964922072,-0.3070487187027261,-8.876589325550894,0.0441445029355625,5.559549876390537,0.0518945551173572,1.999490166280096,0.0493367190029531,1.1744411692899817,68,3.732755324419807,28.41661834716797,9.059322628869676,23.176470588235293,0,,,,,,,68,26.650495758828,3.7327553033828735,28.41661834716797,9.059322628869618,,0,,,,,0,,,,,0,,,,,187,-187.11577318830643,15.100748448134338,187,-466.3580641702935,34.72239093493092,187,-2.6327786782796974,5.386952848092517,68,-30.74878797981961,3.7699441106355103,68,-16.315762316950593,8.470191697235364,68,-10.966174066447712,0.8251157657301988,-19.64878797981961,-4.075762316950593,-3.716174066447712,44.66836902389504,187,248.13797654626543,-0.3001929334627804,11.11863730180104,11118.637301801038,339.711054420814
UPK_600,Sim+2019,,222.3410452919108,0.03036470413208,-66.43276275345733,0.0398229237260489,314.347266411778,-6.213534834108855,-7.408826659730955,0.0339179466510641,-10.733136737141374,0.0515496418393891,2.3881847663420497,0.0522431472252155,1.030835592335668,45,3.368990749782986,-0.8751314878463745,6.57127582349514,25.42222222222222,0,,,,,,,45,-2.6165388813449275,3.368990703423818,-0.8751314878463745,6.571275823495133,,0,,,,,0,,,,,0,,,,,145,291.21682312935,8.723775379333604,145,-297.94018440105896,9.272891749678662,145,-45.35723475919677,2.4133642674549343,45,-18.88564119594177,4.568575298614099,45,-12.952473912137425,4.652486192449078,45,-12.171277625349926,0.8882273395710615,-7.7856411959417695,-0.7124739121374244,-4.921277625349926,39.81070831325058,145,314.34617852458194,-6.213235577819342,-4.370989752307468,-4370.989752307468,631.9275806811905
CWNU_1078,He+2022,,164.84130991877453,0.0321596132384406,-60.77553887021692,0.031680984629525,289.66900484264,-0.8294275579572268,-14.742478533616069,0.0422296590275234,-0.2291587748961826,0.0401240752802954,2.26784260418079,0.03805406888326,1.1751937866210938,16,6.584600925445557,8.360403060913086,10.012665711519078,13.4375,0,,,,,,,16,8.919944383203983,6.584600370377302,8.360402584075928,10.012665711519071,,0,,,,,0,,,,,0,,,,,36,148.48935448045137,4.773869883003925,36,-415.7573045171128,16.56082980399676,36,-6.382877371152516,2.33079492012324,16,-23.286310884871288,3.33359343790159,16,-17.571608445861724,9.372619372422518,16,-13.12867914700135,2.4016717402728727,-12.186310884871288,-5.331608445861724,-5.87867914700135,56.23413251903491,36,289.65438662403085,-0.828322318214895,1.0070573985192568,1007.0573985192568,572.1547444044439
NGC_3228,CantatGaudin+2020,NGC 3228,155.44560856292654,0.0312103388602273,-51.7652352744643,0.0313207015656588,280.7717424872635,4.546223122079391,-14.82378276671814,0.0414259893852367,-0.6300700693620587,0.0385428687982391,2.076392177245387,0.038239742580213,1.03754793133652,56,3.476933343069894,12.744068145751951,11.208397891088657,19.910714285714285,1,13.024779319763184,0.0462375842034816,0.0672365352511406,13.024779319763184,0.0,6.0,56,11.215633041634405,3.3878307498684435,12.885341167449951,11.209802383007036,,0,,,,,0,,,,,0,,,,,114,89.78715005311722,4.994531031246657,114,-471.9588827924302,13.108298119621775,114,38.20384262169964,3.893418882919762,56,-24.741295762859995,2.1327734223523307,56,-17.67218934680984,10.987076850929586,56,-18.60795084000313,1.2081964149552529,-13.641295762859995,-5.432189346809841,-11.357950840003134,30.19951853033241,114,280.7714366331101,4.546658438734738,1.877908070553732,1877.908070553732,567.1392252211748
IC_2391,CantatGaudin+2020,IC 2391,130.41768728371326,0.0366856199583856,-52.99784536389812,0.0391769840706527,270.441429800849,-6.685630804442031,-24.75339726119169,0.0490270416121677,23.296861306152618,0.0500579203955188,6.621215519232309,0.0413274160877072,1.30389059075403,86,3.840674112009448,14.411731719970703,11.635700071893456,15.674418604651162,0,,,,,,,106,13.19485327175626,2.7190026414116484,14.41173219680786,11.706171618487872,2.2222222222222223,39,12.774102626702724,0.8612820551945612,14.760000228881836,12.7241307059938,0,,,,,5,11.042599999999998,2.8266,11.496,1.2109499741938143,221,1.152688921719068,2.189473026374796,221,-150.01594408564236,2.5940394079719096,221,-17.585236706848733,1.7904545153338458,106,-23.88861564593985,0.519787736252215,106,-12.819928496212126,11.637758834557827,106,-5.484025088503208,1.4215791120543655,-12.788615645939853,-0.5799284962121263,1.7659749114967918,28.840317564502847,221,270.4402392758675,-6.68564396421303,0.2727760043045701,272.77600430457017,307.8190889038787
UPK_507,Sim+2019,,118.96205885295414,0.0356176432810331,-43.77505680815314,0.040829344799644,258.4768110458709,-7.894315250697257,-9.467865427597246,0.0478101153122751,8.801309036138923,0.0524826238029881,2.4721888737267754,0.0427120798512508,1.1285810972514905,28,4.15069225856236,25.981943130493164,36.79956379525832,17.0,0,,,,,,,28,19.32639193534851,4.150692160640444,25.981943130493164,36.79956379525826,,0,,,,,0,,,,,0,,,,,76,-80.09328679287623,7.174574838588209,76,-393.3043853167245,18.1576890278037,76,-55.63081798079889,4.114976960566628,28,-27.038406520054394,7.5375941777188835,28,-13.020100625708938,35.653068301480616,28,-9.57030404080962,5.2093305911848935,-15.938406520054397,-0.780100625708938,-2.3203040408096207,50.11870135142811,76,258.4895640398295,-7.890923776178292,4.226059469054114,4226.059469054114,363.5581381472406
ASCC_58,CantatGaudin+2020,[KPR2005] 58,153.64262017515395,0.0264026685194535,-54.96276757125795,0.0259411256175395,281.6435282471171,1.2866051373892042,-13.28507225484615,0.0347149037132578,2.8203583467394955,0.0318589111990179,2.0888427525459776,0.0311541025303612,1.063379208903667,69,4.549246967702672,10.680234909057615,12.842357406148317,19.94202898550725,0,,,,,,,69,12.453567341617916,4.5492471473804414,10.680234909057615,12.842357406148285,,0,,,,,0,,,,,0,,,,,121,96.60258725853136,4.477808437781919,121,-468.8435107550592,7.370708371272573,121,10.755655566319437,3.5805230334294222,69,-25.36249205385572,2.633339510003643,69,-18.252492616877504,12.587885190982211,69,-11.334138910693826,0.6367703026680602,-14.262492053855722,-6.012492616877504,-4.0841389106938255,52.48072067145216,121,281.64254164424926,1.2871525698536743,2.9180424093619965,2918.0424093619968,562.9582297671504
UPK_538,Sim+2019,,129.46858655694808,0.0424365401268005,-51.5188104721913,0.0453026791413625,268.89607563568416,-6.262012679366503,-13.026080683692213,0.0565644701321919,9.848280541188748,0.0576439450184504,2.8759290475741768,0.0483157783746719,1.2262149651845295,30,5.083805847167969,17.95761489868164,13.332906572780118,16.033333333333335,0,,,,,,,30,17.805520995457968,5.083805572986603,17.957613945007324,13.332906572780104,,0,,,,,0,,,,,0,,,,,96,-6.69516074154111,6.0718244023179055,96,-345.7588609992335,9.110250506281211,96,-37.96060460894002,1.9697302341073029,30,-26.073004451935155,0.953196634911642,30,-16.27958158969924,13.07759892883722,30,-9.27214083618802,1.5787094024885096,-14.973004451935156,-4.039581589699241,-2.0221408361880204,56.23413251903491,96,268.8906820234763,-6.264202321184278,4.523499588531963,4523.499588531963,401.1507581918065
UPK_438,Sim+2019,,100.84415087571418,0.0459882020950317,-8.163558466618394,0.0483101147871751,219.3059147245628,-5.49339745699031,-6.59078565051349,0.0564536864940936,2.731321102545007,0.0557455741442166,2.284196603246889,0.0561936360139113,1.534772872924805,27,4.871914333767361,38.1223258972168,13.733219229904757,10.333333333333334,0,,,,,,,27,36.95428933479168,4.871914300653669,38.1223258972168,13.733219229904543,,0,,,,,0,,,,,0,,,,,52,-343.79128618703845,49.346143662052896,52,-281.5182649833104,41.14695994854357,52,-42.76415579436996,7.7700719286639455,27,-35.01325892375684,10.460126724052165,27,-13.764610435313443,8.872781728644325,27,-13.54037511544041,2.166898600169577,-23.913258923756835,-1.524610435313443,-6.29037511544041,63.09576215861531,52,219.3128077515016,-5.497231127478022,19.98064631819329,19980.64631819329,135.86767764396996
CWNU_1102,He+2022,,117.6699579624926,0.0365186318373068,-28.83057330217207,0.044934257482871,245.0321729812468,-1.180254487330806,-8.476885305037971,0.0497297262534117,5.62697108759626,0.0584261417388916,2.0782781367277865,0.0576117772322434,1.432646237886869,14,5.284037453787668,28.859249114990234,8.891366338139825,25.428571428571427,0,,,,,,,14,26.56377008983068,5.284036934375763,28.85925006866455,8.891366338139711,,0,,,,,0,,,,,0,,,,,39,-203.2730409015892,7.655168950095227,39,-436.5460838511765,14.27105679021528,39,-9.899544473591964,2.8114160315084,14,-30.076345859728097,3.463751100805674,14,-15.049092355406192,8.343494278233687,14,-10.509102121126748,1.336425914295159,-18.9763458597281,-2.809092355406192,-3.259102121126748,31.6227766016838,39,245.03145956880357,-1.1776965576470115,10.621614707756722,10621.614707756722,310.27368756494855
CWNU_1085,He+2022,,147.3339030198224,0.0622716322541236,-53.24344243025288,0.0624220296740531,277.65130154428294,0.4373739605838188,-13.206784950361332,0.0829247385263443,4.151964128246117,0.0774815455079078,2.134432776726357,0.0725610479712486,2.306960105895996,33,4.0293324788411455,13.360815048217772,8.670078409439894,20.33333333333333,1,-3.3659820556640625,0.5794366002082825,2.9006571769714355,-3.3659820556640625,0.0,3.0,33,13.601305599204146,3.899802024595397,13.360815048217772,9.047595386300353,,0,,,,,0,,,,,0,,,,,64,62.367999307649264,6.315153988923449,64,-465.5493537647565,24.792388944668502,64,3.56855928500088,2.8670292964596364,33,-26.38401736139864,3.1892792639582224,33,-17.230847467747996,9.029668884160252,33,-11.455317394547697,3.285852390786072,-15.28401736139864,-4.990847467747996,-4.205317394547697,63.09576215861531,64,277.6302823127827,0.4352901889464267,2.885207574274163,2885.207574274163,532.0742823350373
BH_164,CantatGaudin+2020,Cl VDBH 164,222.22522782426307,0.0292559642696855,-66.43540426825322,0.0387236300985611,314.3051394284847,-6.201609288445389,-7.45011125235937,0.0326306570821733,-10.739866538539214,0.0502723722315546,2.3905379911683617,0.0507040403375578,1.075523338507657,65,3.393034245417668,-1.0604135990142822,7.04102638877775,24.87692307692308,0,,,,,,,65,-3.117796863328952,3.393034200484936,-1.0604135990142822,7.041026388777749,,0,,,,,0,,,,,0,,,,,201,290.7181414335737,9.45944701536142,201,-297.86456494105624,9.863858325092416,201,-45.224939849084834,2.943083434804573,65,-19.349699175485323,4.925129911173725,65,-12.673627936570368,4.919522574263545,65,-12.188863213188394,1.0201577729378644,-8.249699175485324,-0.4336279365703674,-4.9388632131883945,32.359382746997106,201,314.3043632070824,-6.201199331922385,-4.886447128827347,-4886.447128827347,631.4507504912181
UPK_481,Sim+2019,,113.81128665478091,0.0236877890733572,-25.16266291236027,0.034709102832354,240.13908443426925,-2.343864732835299,-7.806855301362196,0.0300557613372802,5.779664120600885,0.0458401166475736,2.101298757795826,0.0452732031161968,1.0907146013700044,40,3.199148941040039,32.136383056640625,13.649321139125924,33.075,1,36.98036193847656,0.6911628842353821,0.0,36.98036193847656,0.0,1.0,40,34.68767211217564,3.0949071206030645,32.97334098815918,13.628804861079036,,0,,,,,0,,,,,0,,,,,104,-238.47634859914285,23.174512171291216,104,-415.41018784935255,38.19209796425172,104,-19.56113150551083,4.92619703932306,40,-34.672328429440526,7.565324451451142,40,-19.614834703491685,11.38896310093684,40,-10.529685886559902,1.4806135038396682,-23.572328429440525,-7.374834703491684,-3.2796858865599017,50.11870135142811,104,240.14097038561397,-2.338535723448204,18.25047200705517,18250.47200705517,270.43412507414496
UPK_511,Sim+2019,,131.53055927333415,0.0229531421380884,-37.94756855027735,0.0274573722306419,259.0652350091128,3.2271268306518293,-8.505509930131549,0.030612496768727,3.672723576604629,0.0338405826512505,1.5284962084273812,0.0329647169393651,1.0074296839096968,35,5.251849801199777,27.079910278320312,10.356475953228008,22.485714285714284,0,,,,,,,35,24.719449520111084,5.251849753516061,27.079910278320312,10.356475953228005,,0,,,,,0,,,,,0,,,,,68,-124.03538906252194,6.93098132266467,68,-641.8845440764308,19.13359054154281,68,36.85498640497953,3.6485098081885496,35,-29.678405192845275,1.9500836755425084,35,-20.22531386819843,10.119778239965829,35,-12.084665220590376,0.8047672066186944,-18.57840519284528,-7.98531386819843,-4.834665220590376,44.66836902389504,68,259.0631744230864,3.226576137178862,11.074959226913874,11074.959226913874,485.9764723296481
CWNU_1069,He+2022,,117.1719450822645,0.0389695622947778,-43.17914279472818,0.0443511062793517,257.3042379535064,-8.726382912281148,-9.053868535858678,0.0529455495684334,9.447898683768363,0.0577558560317821,2.5825476375315968,0.0469482936216204,1.6042924516656425,44,4.332733154296875,24.137104034423828,29.0267009867034,16.90909090909091,0,,,,,,,44,19.62341426854105,4.290612594766144,24.137104988098145,29.037260515893696,2.0,1,32.119998931884766,0.3700000047683716,32.119998931884766,0.0,0,,,,,0,,,,,89,-84.19595368471255,7.056577860897943,89,-374.1215811923933,18.02790950654944,89,-58.78279296336615,4.727110987381264,44,-26.454245920704093,6.212063362972227,44,-13.111636398870148,28.00319050641843,44,-8.661224905173599,4.66283749668175,-15.354245920704091,-0.8716363988701481,-1.411224905173599,35.48135450617082,89,257.31690555630297,-8.714935180362604,4.386607679859985,4386.607679859985,349.1216663216432
Theia_246,He+2022,,188.9044008604426,0.0762691862264256,-65.98492391130931,0.0791530123182163,301.3144499015025,-3.186793034829768,-13.871252623011394,0.0956586849917272,-2.67214576407821,0.1057871557345056,2.4542205093837044,0.0985818729279147,2.3734712054015725,65,6.027837665264423,0.7627886533737183,13.238557580474977,14.476923076923075,3,-13.505411783854166,0.7158342202504476,12.43968709309896,-13.042473793029783,5.801402565815081,7.0,67,0.8490497630030202,5.82146032821801,0.1275258213281631,13.448277813523609,,0,,,,,0,,,,,0,,,,,157,211.649450558274,9.86758511367874,157,-347.93271691225186,13.160963632752752,157,-22.65873059705453,2.65353497464092,67,-22.4637223048547,7.000230383373219,67,-14.16168197507192,11.675393343790796,67,-6.770198904055904,1.7857359194950764,-11.3637223048547,-1.92168197507192,0.4798010959440963,35.48135450617082,157,301.3123871170201,-3.1845600496699498,-4.284057302515201,-4284.057302515201,587.5190691142532
Teutsch_38,CantatGaudin+2020,Teutsch 38,131.5634904129209,0.0237505102157592,-38.08711739077643,0.0285960888862609,259.1910553838841,3.1596131189736854,-8.61779195378549,0.0315167164802551,3.761326890789223,0.0353765869140625,1.544217385354305,0.0337791657447814,1.058214874267578,46,5.350007762079653,27.06223487854004,11.68217343250816,22.60869565217392,0,,,,,,,46,25.43836151516956,5.350007907204006,27.06223487854004,11.682173432508034,,0,,,,,0,,,,,0,,,,,100,-121.5751835782096,9.86525526668365,100,-636.4038796784719,28.860421851379307,100,35.765360971279854,5.496466502428255,46,-29.78445785775179,2.1740578671818844,46,-20.970726506425667,11.414655057288297,46,-11.985074230388037,0.9811524716250412,-18.684457857751788,-8.730726506425666,-4.735074230388037,37.153537595204696,100,259.1848289564213,3.159573364508904,11.80227733036429,11802.27733036429,484.98090007646334
BH_23,CantatGaudin+2020,Cl VDBH 23,123.466507281604,0.0390415416044347,-36.263923098176015,0.0449501486385569,253.9223305299352,-0.9838042078196751,-7.097485128188571,0.0520696415620691,7.406653326669158,0.0578372899223776,2.275627974786697,0.0521423171548282,1.0211228314568015,17,6.407289841595818,23.100330352783203,9.204933220492794,20.47058823529412,0,,,,,,,17,21.928345347152035,6.407289476955638,23.100330352783203,9.204933220492771,,0,,,,,0,,,,,0,,,,,85,-121.75595199146872,4.586121133746505,85,-422.5004374690406,11.942826192647694,85,-7.546527908345347,2.3503147796862813,17,-26.233979095938352,2.41351949417615,17,-15.17519051268851,8.843272645268955,17,-4.20875825595356,0.3466641962830425,-15.133979095938352,-2.935190512688509,3.04124174404644,28.840317564502847,85,253.92410464149955,-0.9832779046413146,6.957946678388862,6957.946678388862,363.4982420532971
UPK_569,Sim+2019,,167.99239015457172,0.0373749897397797,-71.77578209889977,0.0355318250327274,295.2406577024702,-10.41903973222453,-25.88512056354686,0.048576494743084,-1.0638110552313211,0.0456538035951811,4.080296141673691,0.040573029682554,1.1315222115352237,20,4.309692001342773,2.882211446762085,11.767720649334844,15.05,0,,,,,,,20,5.685501177345154,4.250499188243696,3.5460933170397264,11.68268041450982,,0,,,,,3,3.67030099782308,1.5017452666629738,4.039999961853027,1.5366323870042071,0,,,,,58,102.8311801408281,4.085884197811438,58,-218.1038505251727,5.031483272356283,58,-44.34340888446381,2.352243370770305,20,-23.303466400864288,4.944410921868427,20,-14.776727001077996,10.299056287151725,20,-13.244507098400382,2.206233548633357,-12.203466400864288,-2.5367270010779954,-5.994507098400382,35.48135450617082,58,295.2428490813829,-10.420186865745531,-1.7775601664508844,-1777.5601664508845,428.0186789648695
UPK_554,Sim+2019,,153.60241848010847,0.0297676199958437,-55.03388475828979,0.0290391399746849,281.6642485348801,1.215932859534603,-13.313272192765227,0.039290850503104,2.7904763513860407,0.0359202748253231,2.094112806629162,0.0351462682088216,1.101141648065476,52,4.395807706392729,10.989374160766602,11.919886872357392,19.942307692307693,0,,,,,,,52,12.721736757801128,4.395807821017045,10.989373683929443,11.919886872357385,,0,,,,,0,,,,,0,,,,,105,96.54187524795648,3.821919918597897,105,-467.65612064354826,7.369914463929715,105,10.1329695397026,2.750998717859597,52,-25.22630977487775,2.486848283758848,52,-18.492093023989263,11.672965282638126,52,-11.38647632430107,0.4661486482466613,-14.126309774877749,-6.252093023989263,-4.13647632430107,56.23413251903491,105,281.6641583087488,1.2156407985695628,3.1785095384690045,3178.5095384690044,562.0963250210862
OC-0423,Hao+2022,,115.5372721929052,0.0323893185015077,-30.22036224613496,0.0410950404626351,245.30413149736088,-3.481747525356792,-6.184004345644341,0.0441467894448174,5.946144404927736,0.0527644510622377,1.779520518956632,0.0481253774077804,1.230441199408637,19,5.271669488204153,35.58228302001953,19.94191592177281,20.894736842105264,0,,,,,,,19,39.29562081788716,5.27166957290549,35.58228302001953,19.94191592177272,,0,,,,,0,,,,,0,,,,,54,-234.6720635528849,8.68231595305547,54,-510.30171638210487,18.585863090365656,54,-34.17377413386872,1.4620228943076266,19,-36.37470170436721,8.726773727614127,19,-26.023760554240795,17.90761441532579,19,-8.681871391290182,1.579655616151771,-25.27470170436721,-13.783760554240796,-1.4318713912901817,31.6227766016838,54,245.3037535358121,-3.481732791038067,23.127349467178803,23127.349467178803,309.3387882942076
Platais_9,CantatGaudin+2020,Cl Platais 9,139.3454048170401,0.0335317420959472,-44.099839314986845,0.0371774826049804,267.5939862621523,3.58848979588672,-24.707237465843345,0.0445307121276855,13.35172193755736,0.046091064453125,5.482060433248567,0.0440008888244628,1.1464385986328125,47,3.4106627119348403,16.199785232543945,10.502945436930034,20.06382978723404,1,17.909488677978516,0.040431261062622,0.0393136329948902,17.909488677978516,0.0,3.0,47,14.867001147803515,3.350600565845125,16.199785232543945,10.503258640373128,,0,,,,,0,,,,,0,,,,,125,-7.655072578859819,3.884683121614405,125,-182.23806642717545,8.812130029112714,125,11.317163021641017,3.7086396292928927,47,-23.716537452289668,0.8025969742287283,47,-14.359903825780403,10.533835260628036,47,-6.26041213275403,0.940224309500074,-12.616537452289668,-2.119903825780403,0.9895878672459704,50.11870135142811,125,267.5946537358452,3.550437799145433,2.7037388712598096,2703.738871259809,321.1717318552549
CWNU_289,He+2022,,154.61110192203165,0.0480581958119462,-55.97625106711496,0.0479337442211988,282.65691583132457,0.7228015165758411,-14.27350610150009,0.0633998149778784,2.909156221011941,0.0590563343792426,2.2689370771742605,0.0570708716787943,1.8790575353110708,89,4.857234311907479,11.501978874206545,22.500617723238364,18.93258426966292,0,,,,,,,89,9.224980297383295,4.8572348295972585,11.501978874206545,22.500617723238364,,0,,,,,0,,,,,0,,,,,164,96.71316416686258,12.75199655558608,164,-430.3177930437681,15.087128517494822,164,5.50874469290119,6.461333702358451,89,-25.49873850154653,4.929772004394186,89,-15.338095062314595,22.047306157575672,89,-11.1620454614581,2.060027899100576,-14.39873850154653,-3.098095062314595,-3.9120454614580993,35.48135450617082,164,282.66665272148555,0.7155878049072831,-0.1834846776105345,-183.4846776105345,540.581559106649
CWNU_1039,He+2022,,126.0592812690469,0.0443323923616993,-35.72920067973372,0.0514641878556232,254.6637374059381,1.0487052986053005,-8.745020805742959,0.0596700882425113,5.495396868236381,0.0681099064496098,2.0660710236555246,0.0605992103109554,2.2469493321010043,24,4.171778678894043,23.56214141845703,18.099347989077216,19.83333333333333,0,,,,,,,24,23.3188166062658,4.171778932213783,23.56214141845703,18.099347989077213,,0,,,,,0,,,,,0,,,,,49,-128.34233538941172,7.20333016347386,49,-468.46773604542994,29.203469272731013,49,8.904613867000185,2.168984668181864,24,-26.7513855536702,6.773872195229816,24,-17.069222141644296,17.376426101263856,24,-8.967255116029328,3.896278139959308,-15.6513855536702,-4.829222141644296,-1.717255116029328,35.48135450617082,49,254.679057564882,1.0502532180760211,8.760139188479275,8760.139188479276,389.42212287673726
UPK_502,CantatGaudin+2020, ,124.32434686502856,0.0212727668808727,-37.80476199427307,0.0247947006690792,255.58373029107165,-1.2717258580967217,-8.03280513164264,0.0286715437726276,5.696073326787836,0.0313616409534361,1.4338384694230863,0.0287268888659593,1.0972006262802496,21,4.2450205485026045,32.665889739990234,4.407740933559473,20.476190476190474,0,,,,,,,21,32.76225707644508,4.245020315760658,32.665889739990234,4.407740933558888,,0,,,,,0,,,,,0,,,,,41,-173.67878345048945,4.8287060279980265,41,-675.5905327324655,14.08194645537311,41,-15.484708190879862,1.5312377903854726,21,-37.46472724418799,1.363472119032995,21,-23.939394355950743,4.2351415002544766,21,-11.965316907607894,0.7770774762996427,-26.36472724418799,-11.699394355950744,-4.715316907607894,72.44361827871234,41,255.5827665501465,-1.2716691519167684,17.995521808422385,17995.521808422385,443.14933834115084
CWNU_1044,He+2022,,128.1751993177093,0.0533854648984711,-50.5711716195061,0.0572688135607489,267.6339745208558,-6.3888243588248,-12.119536628583408,0.0711015591676207,9.96746256254732,0.0725309218483409,2.7974068132728043,0.0609695785347072,1.6422663546156608,152,4.463308635510896,19.891695022583008,17.53788101772324,16.63157894736842,2,25.604530334472656,0.1622686982154846,4.548022270202637,25.604530334472656,4.521581649780273,5.5,153,21.07059595814409,4.414237459944364,19.85959243774414,17.48469632302458,,1,19.57999992370605,0.4799999892711639,19.57999992370605,0.0,0,,,,,0,,,,,435,-15.427973120494606,14.647406112895046,435,-356.69882268955894,27.20252980938855,435,-39.99748293221828,3.881931517295943,153,-26.75069031992505,1.9267014892379208,153,-19.066086969649,17.312033201340597,153,-8.902154812577399,3.03197431707646,-15.650690319925047,-6.826086969648999,-1.6521548125773986,39.81070831325058,435,267.5233808234071,-6.392058634808299,7.633340317955094,7633.340317955094,399.5645168198995
