cluster,ref,SimbadName,ra,ra_error,dec,dec_error,pmra,pmra_error,pmdec,pmdec_error,parallax,parallax_error,age,ruwe,phot_g_mean_mag,phot_bp_mean_mag,phot_rp_mean_mag,bp_rp,bp_g,g_rp,N_dr3,radial_velocity,radial_velocity_error,radial_velocity_std,rv_nb_transits,N_apogee,vhelio_avg,verr,vscatter,vhelio_avg_std,nvisits_apogee,N_rv_weighted,rv_weighted,rv_weighted_error,rv_weighted_std,X,X_std,Y,Y_std,Z,Z_std,U,U_std,V,V_std,W,W_std,3Dvel
2082,Liu+2019,Cl VDB 92,106.0559183,0.0467971192,-11.49739544,0.049210181,-4.307377807,0.05869192374,1.566882246,0.06304657655,0.8901672405,0.05600327742,7.079181246,1.089739815,15.66789771,16.53969202,14.80065212,1.739040658,0.8563856645,0.8826549309,33,21.96743497,10.75840251,25.15170305,11.57575758,0,nan,nan,nan,nan,nan,33,21.96743394,10.75840148,25.15170305,-804.4156685,66.49473019,-793.67385,65.76385281,-47.79403358,4.535660106,-28.20049435,18.05762259,-1.671209799,17.54598522,-17.46996571,2.07208485,33.21536581
2370,Liu+2019,,84.33028499,0.04343146726,-1.702511172,0.03813388131,1.688260718,0.05220114101,-0.8998963095,0.04356102116,2.6908254,0.05196582778,6.602059991,1.198722398,15.11368983,16.40770976,14.02408175,2.384188658,1.298165385,1.085574092,156,14.93605081,6.401266245,27.30025132,18.37179487,213,28.55444221,0.1132119123,5.538319583,7.92862892,2.742081448,267,25.7759697,1.344498178,11.85728124,-320.8300254,20.07947993,-155.5365347,15.93152945,-110.6014229,8.006407129,-21.39112023,10.20852053,-13.61767082,4.976006654,-5.75396697,3.566761129,26.00248294
2371,Liu+2019,,82.09408255,0.05044938243,1.901304643,0.04088050543,-0.4304680559,0.06264368323,0.6238266799,0.04820345169,2.726368973,0.06019301747,7.278753601,1.057092977,15.10963475,16.23561605,14.15632847,2.079287938,1.13081487,0.9484728859,30,27.35629679,3.856288147,11.48844301,20.16666667,12,30.63236745,0.1323345979,0.9887205124,7.250044036,1.8,31,28.13797779,2.544944272,11.65361443,-326.3172943,13.6395344,-127.7044031,5.767915155,-110.2598236,4.14354527,-25.47575044,10.35586437,-8.373640969,4.03525222,-8.673733373,3.615145548,28.18448819
2376,Liu+2019,,81.21485101,0.04704722904,-0.02921311925,0.03531576717,1.330176617,0.05946219157,-0.4864422631,0.04291834528,2.862262416,0.05967227996,7.278753601,1.37094419,15.38724481,16.639631,14.3168054,2.322826567,1.252385215,1.070441231,23,9.492279716,6.888013757,24.23440045,22.82608696,12,26.35608419,0.1542922457,4.670377731,10.7243695,2.666666667,26,13.44529878,4.435546342,24.04532509,-306.5825506,34.87713,-128.3205219,15.5549203,-115.5084595,12.27833994,-11.40874376,20.95476574,-6.795630371,8.737190941,-3.104176776,7.982135445,13.63729958
2439,Liu+2019,,103.5883654,0.04853785682,-5.893389589,0.05018756518,-7.384924988,0.05953449172,-2.466155962,0.05604544846,3.554753531,0.05869111499,6.903089987,1.081020768,15.30054041,16.56059338,14.24113454,2.319460914,1.274588033,1.044872673,49,21.98789013,5.78367895,30.18764497,10.2244898,0,nan,0,0,nan,0,49,21.98789078,5.783679296,30.18764497,-220.1566775,7.20451502,-175.2050097,6.750935623,-10.00679899,2.928278417,-17.89791279,23.51892354,-12.23115202,18.92707508,-11.0259286,0.8336256089,24.32092646
Alessi_20,CantatGaudin+2020,Cl Alessi 20,2.578746242,0.03249974211,58.74517868,0.03337301727,8.157513615,0.043067856,-2.394692777,0.04369175935,2.33443058,0.04616413597,6.96999979,1.063732372,15.45071745,16.71895516,14.37114709,2.347809607,1.268237715,1.07957202,38,-13.42894865,5.175562808,22.50254574,21.47368421,1,1.872861028,0.507625103,16.19796371,0,3,39,-13.03659505,5.055872258,22.34346984,-198.2675804,5.975532655,379.1426805,11.55859081,-27.67876884,1.902560431,-7.680127553,10.49892379,-19.24654437,19.67991916,-6.635392148,1.599992658,21.75872832
ASCC_127,CantatGaudin+2020,[KPR2005] 127,347.1838385,0.03864588697,64.91105131,0.03742881922,7.484058929,0.04995519687,-1.837801452,0.04665477867,2.647677913,0.04416984167,7.260000229,1.067798125,15.38377133,16.59806666,14.34916003,2.248906103,1.231849276,1.017056564,39,-13.91552891,4.069925553,17.67709975,18.69230769,4,-6.251684189,0.4767438769,4.495818615,2.207093984,2.5,40,-13.1616831,3.82001906,17.59142513,-143.1446646,4.523146817,348.6835879,9.317369269,27.55066072,3.454992086,-5.525518283,6.711892538,-15.79889384,16.23804123,-9.145785114,1.524488071,19.07306436
ASCC_16,CantatGaudin+2020,[KPR2005] 16,81.20075857,0.03837456839,1.668702861,0.0295784705,1.369355902,0.04782152993,0.03537355279,0.03557436534,2.874307546,0.04572021484,7.130000114,1.130619332,14.97291016,16.12504069,13.95548503,2.169554261,1.161098612,1.008455737,79,16.52174706,5.361780867,22.70255313,22.58227848,47,21.48445811,0.1326261196,0.9490922172,7.875398399,2.867924528,84,19.38898831,2.595598462,15.27369925,-308.180874,8.056796913,-119.0880108,3.41653939,-109.6658806,3.123236152,-17.35940884,13.53036132,-7.847701565,5.24551389,-4.236800273,4.806528087,19.51630015
ASCC_19,CantatGaudin+2020,[KPR2005] 19,81.93759153,0.03744376557,-2.013914158,0.03013348154,1.079003228,0.04839029908,-1.289347595,0.03669370924,2.813134579,0.05273265924,7.019999981,1.161043712,15.276971,16.56369999,14.21722521,2.346474511,1.286729404,1.059745175,34,14.50361813,4.106313818,24.250691,24.38235294,23,28.22225819,0.1341279411,0.5083531952,10.17150735,1.92,36,22.02493196,1.480674669,19.22826918,-304.5600477,16.35522468,-141.4925697,8.33489597,-118.8487367,7.148253865,-17.87033472,16.47813835,-11.25859025,7.63555665,-6.821156932,6.362465069,22.19533508
ASCC_21,CantatGaudin+2020,[KPR2005] 21,82.11937245,0.04963044061,3.461949748,0.03903260231,1.392913983,0.06230581601,-0.6143265294,0.04562152227,2.914586476,0.05923828019,6.949999809,1.161712138,14.99299316,16.21664326,13.9667667,2.249875529,1.246754507,1.003120851,32,18.06797028,5.469759941,33.12744699,18.625,16,30.18130493,0.1692825079,2.800082588,27.62929083,1.6,34,19.70438717,3.080405822,32.75139675,-309.0963874,7.966630744,-112.2958629,3.656649195,-98.54082117,2.695168869,-17.42686381,29.47296679,-8.466206464,10.76543597,-4.330458804,9.421224363,19.85258441
BDSB91,CantatGaudin+2020,[BDS2003] 91,96.319734,0.04829607531,-10.55244683,0.0583012104,-3.183350828,0.06089292467,1.168432125,0.06833322346,1.097533673,0.06668193638,7.150000095,1.080886722,15.89927864,16.93781471,14.91228199,2.025532246,1.038536668,0.986995697,8,19.79666901,11.8921423,22.04213757,15,0,nan,nan,nan,nan,nan,8,19.7966696,11.89214277,22.04213757,-694.1325646,44.61768695,-571.5982706,36.95690293,-167.5252187,10.81020264,-19.9164185,17.65197314,-3.347858111,12.86234885,-14.14734717,3.706946999,24.65804761
BDSB96,CantatGaudin+2020,[BDS2003] 96,106.3411566,0.05390706796,-12.31383564,0.05672705357,-3.886208207,0.07390518922,1.145696928,0.08273163575,0.8611962021,0.06462919529,6.900000095,1.073491962,15.92550894,16.87418747,14.90898323,1.965205669,0.9701613188,0.995044291,10,18.24588776,8.157261658,33.6668239,8.4,0,nan,nan,nan,nan,nan,10,18.24588799,8.157261658,33.6668239,-824.3178326,98.03451653,-837.9519291,99.85009507,-52.29556978,6.340193418,-23.35153939,23.81509707,-1.609938626,23.79298962,-16.59505205,2.057253981,28.69289192
Cepheus,Szilagyi+2021,,286.2623791,0.04271571009,74.87081984,0.04015893685,13.96801767,0.05780620073,1.840113882,0.05110375254,4.676978441,0.04445182901,6.889075625,1.102513283,15.05851794,16.53994884,13.91776441,2.622186578,1.48755596,1.134630701,45,-15.17562256,5.4925059,15.85411975,16.2,6,-7.23216629,0.1805517475,1.460506598,5.165220932,3.5,46,-14.17885645,5.009074543,15.0235521,-95.01449077,25.82068268,224.8197776,100.8547099,58.51030264,14.30464793,-7.35023034,6.950030912,-18.29032187,12.608125,-6.562338069,3.306090723,20.77561169
Collinder_419,CantatGaudin+2020,Cl Collinder 419,304.5402308,0.03950027625,40.74447561,0.04809890687,-2.710463567,0.05576639871,-6.38115207,0.06082035601,0.9706839677,0.05117382606,7.289999962,1.224826018,15.40454865,16.47673234,14.59566465,1.881067359,0.9482217872,0.9328457376,6,2.110077858,13.28049596,10.64751316,17.5,0,nan,nan,nan,nan,nan,6,2.110078057,13.28049608,10.64751316,212.5568399,11.8977021,1009.814014,55.79342971,50.12066124,2.849896782,32.98822607,3.645944451,-4.465850382,10.18918343,-6.645950232,0.8923657767,33.94606801
Collinder_69,CantatGaudin+2020,Cl Collinder 69,83.81019051,0.05073759325,9.816174714,0.03964068813,1.137453282,0.06396232728,-2.085790522,0.045443984,2.502525716,0.06048932845,7.099999905,1.145699384,15.59161889,16.92298857,14.47741799,2.445570978,1.341665246,1.103905931,179,19.99761451,6.416558463,28.68536813,21.27932961,181,29.94529092,0.1350663327,2.533684831,37.60451582,5.138121547,256,26.87267862,1.66063917,34.78505558,-377.6083681,13.81180724,-102.3607048,7.243178826,-83.35952471,5.217859433,-24.18518758,32.89111789,-11.12455934,8.796421326,-5.680429361,7.297754647,27.22033057
CWNU_1009,He+2022,,82.52003862,0.05715624966,15.85404133,0.04185441715,-0.7808332886,0.07520572463,-5.850073211,0.04890518758,2.814639105,0.06949295215,7.349999905,1.26567795,15.25689879,16.37328555,14.25516248,2.11812398,1.116386527,1.001737225,28,21.84121486,4.326602936,16.52381119,24.42857143,0,nan,nan,nan,nan,nan,28,21.84121572,4.326602983,16.52381119,-349.0508702,36.61324443,-56.58102045,5.200282957,-62.11979345,7.567350811,-18.88321814,16.11639155,-11.08833441,2.369304593,-10.05187489,2.81924245,24.09496371
CWNU_1011,He+2022,,308.0884635,0.0458352638,40.29963026,0.05792928464,-1.744875657,0.0621649641,-4.078517617,0.07524810415,1.046417479,0.06183731917,6.199999809,1.099086299,16.42665424,17.82958799,15.25912291,2.570465088,1.402934681,1.167530753,1,11.96779633,20.11865997,0,26,10,-14.26128845,0.180531621,0.8333572388,1.615126146,3.9,11,-11.8768262,1.993088747,7.695978586,177.7097336,8.523422542,941.1439204,44.75659774,5.36663689,1.402517121,16.6810402,2.14934469,-15.20414493,7.499634422,-4.965649897,1.353090022,23.11018832
CWNU_1028,He+2022,,76.8266312,0.04018226109,-6.223583629,0.02965787524,0.8341885078,0.05744683115,-0.6319842183,0.04468547984,2.998051668,0.05710875988,6.849999905,1.204761706,14.96112221,16.21702335,13.9425868,2.274438557,1.255902742,1.018536016,8,18.23337364,4.114989758,2.665105498,25.625,0,nan,nan,nan,nan,nan,8,18.2333734,4.114989839,2.665105498,-268.7677522,6.283928475,-133.3731256,5.0131419,-146.0591187,3.511003391,-14.35761128,2.154646792,-9.13138713,1.192582724,-6.873065816,1.297806453,18.35108352
CWNU_1035,He+2022,,305.3716094,0.03115528009,39.5817652,0.03382220593,-2.430231679,0.04186508872,-7.329882046,0.04307865284,0.9771351818,0.03946743499,6.75,1.066086249,15.7812181,16.58406206,14.90952925,1.674532457,0.8028426604,0.8716898831,4,-16.1138401,8.453979492,24.62772878,19.75,0,nan,nan,nan,nan,nan,4,-16.11384022,8.453979969,24.62772878,221.3078406,7.0224928,999.1031604,17.56573492,28.54420124,3.555552679,31.10682822,6.196091566,-23.09578767,23.98863225,-11.16563628,3.063375789,40.32023814
CWNU_1049,He+2022,,317.9694469,0.03405010471,46.9443001,0.03734525121,0.1064440352,0.04604586271,-2.623458115,0.04732160385,1.344077184,0.04178890357,7.050000191,1.04058185,15.41616,16.28937707,14.51374582,1.775632418,0.8732190499,0.9024135883,17,-4.206196056,9.40291012,16.37711108,13.94117647,0,nan,nan,nan,nan,nan,17,-4.206195957,9.402909728,16.37711108,13.30649014,3.070360245,744.2377412,18.46769956,-12.12016082,2.608419929,5.890085593,2.043191354,-4.42453237,16.35244618,-6.469496439,2.37433271,9.804283715
CWNU_1055,He+2022,,328.4798379,0.04097766939,65.5945067,0.04093710372,5.746906396,0.05459926003,-0.1984119145,0.04978323296,2.192030503,0.04496947715,7.150000095,1.356013047,14.76090923,15.74498387,13.87704147,1.867943011,0.9840750443,0.8838678661,14,-13.01146916,4.084473474,6.935209348,18.14285714,0,nan,nan,nan,nan,nan,14,-13.01146867,4.084473423,6.935209348,-123.9375886,5.571446381,434.1636167,16.45121227,69.62556361,3.190688904,-5.878269395,2.070260832,-13.74352293,6.584888644,-10.12576912,1.043095781,18.05463026
CWNU_1072,He+2022,,86.97660533,0.04574949577,-5.252974342,0.04425148717,-2.618384721,0.05425703937,0.1567103075,0.04912911612,2.253889197,0.05614656415,7,1.52490116,15.03572556,16.07085866,14.10357035,1.967288313,1.035135138,0.9321532414,12,24.95765686,4.021196683,14.93281717,20.5,1,23.36124229,0.5764171481,7.176148415,0,3,12,25.44991115,3.84823767,14.76241181,-367.3665549,12.11483855,-215.3280929,8.036926659,-126.2356927,4.162593715,-21.08124478,12.38093141,-9.104496512,7.387300029,-12.56246346,3.886476376,26.17491597
CWNU_1088,He+2022,,86.03966691,0.06076302026,-1.274978783,0.05478300546,1.595182048,0.0733905215,-3.998896055,0.06113819072,2.205101323,0.07318348634,6.5,1.425771111,15.94057103,17.55803158,14.74007215,2.817960639,1.617462961,1.200497778,4,13.73985004,11.83052254,7.443893364,19.25,5,19.18945313,0.07754530311,0.3692955017,1.106703225,2.6,8,17.57454662,4.25486032,5.554789445,-392.1767838,10.85862941,-193.4090186,6.015239009,-121.4526399,3.84410063,-10.94414266,4.903265738,-15.57167839,2.127449752,-5.483271385,1.781379429,19.80701117
CWNU_1090,He+2022,,180.1558181,0.035981585,79.61689875,0.03624030772,22.78616705,0.04650091774,0.1994420145,0.04756384737,6.511652438,0.03889693933,7.25,1.482788984,14.32578861,15.68658806,13.21924456,2.46734305,1.360799341,1.106543485,36,-11.06065623,5.06332567,10.60095319,15.63888889,4,-6.576966286,0.1296592653,1.799470186,3.459584382,4,36,-10.36715448,4.671747416,8.866295814,-74.55861813,3.887418195,126.360053,4.001011816,45.22682898,3.248353429,-9.465098339,4.288178769,-16.07228193,7.343773732,-5.927432912,2.712793461,19.571428
CWNU_1092,He+2022,,90.50790898,0.05207612779,8.445838056,0.04796870218,-3.374933096,0.0663680368,-4.240283026,0.05076289177,2.415889285,0.06232881546,7.199999809,1.155043708,14.20591905,15.06595866,13.39968194,1.666277991,0.8600415124,0.806236426,10,35.79804993,3.919801331,13.93672511,11.2,0,nan,nan,nan,nan,nan,10,35.79805021,3.919801444,13.93672511,-387.0127146,8.843627045,-138.5937273,4.33020182,-50.22534793,2.684208213,-31.09077516,12.83796286,-15.00817546,5.168877536,-14.06187055,2.328279217,37.27757817
CWNU_1094,He+2022,,61.4678835,0.03952248307,21.13296128,0.02350264963,4.598643368,0.05088758469,-14.484956,0.03182869448,8.34813842,0.04270672798,7.449999809,1.432671266,13.18646958,14.37763887,12.21402067,2.163618649,1.191169627,0.9724490222,11,15.14434676,2.289312363,3.093840259,19.09090909,0,nan,nan,nan,nan,nan,11,15.14434585,2.289312315,3.093840259,-109.5490886,1.24096279,14.96834959,2.116526223,-46.04501586,1.437661934,-13.49983126,2.855709186,-5.995238867,0.5371872996,-9.315338857,1.188698404,17.4632148
CWNU_1106,He+2022,,87.58407476,0.05050177234,8.155254147,0.0421283756,-3.563848189,0.06490601812,-3.668430391,0.05222845645,2.481686508,0.06350998084,6.449999809,1.156870797,15.28394572,16.60711234,14.16678728,2.440325782,1.323167528,1.117158072,7,36.55072675,9.657487052,41.6522045,12.14285714,3,29.36600749,0.07352379958,0.3797928095,0.125566159,2.666666667,9,37.31236665,5.899469731,35.72571385,-377.0794321,12.62369049,-126.4043644,4.276559979,-67.52225894,2.307780992,-32.60422992,33.38366353,-13.61374636,11.25686271,-15.36400795,6.035007393,38.52820576
CWNU_1108,He+2022,,63.06463833,0.06585801393,20.19976564,0.04088890553,3.192549313,0.08607152104,-13.98836137,0.05749538913,8.084468908,0.07600541413,7.199999809,3.041926146,13.51512527,14.75255966,12.39350796,2.359051704,1.237433434,1.121618271,14,20.22076416,5.774011884,26.87788726,13.14285714,3,15.83228048,0.06232940157,0.1346517106,0.4594099188,2.333333333,14,20.74448372,4.972193578,26.75815373,-113.9147982,1.092793285,11.84777377,3.103199198,-46.6245536,1.333929232,-18.29801328,24.44945802,-5.721001496,2.272598588,-11.80330565,10.4098872,22.51366634
CWNU_1111,He+2022,,85.02592168,0.05629761155,13.62061185,0.04289785269,-1.919311088,0.07084934776,-5.965965901,0.04689820071,3.746553861,0.06700308903,7.400000095,1.292226224,14.78891569,15.87539755,13.82811675,2.047280389,1.086480218,0.9608001709,17,21.98007382,4.57949874,16.05004884,22.64705882,0,nan,nan,nan,nan,nan,17,21.98007236,4.57949814,16.05004884,-257.4752862,6.922972574,-56.89060159,5.853881162,-42.05736484,2.34098969,-19.12743034,15.53083819,-9.657397736,3.41270951,-9.292846477,2.372373122,23.35553292
CWNU_1129,He+2022,,68.61765463,0.05711236954,22.86939128,0.03428808928,9.48297673,0.07520597458,-17.19208806,0.05475873947,6.18000556,0.06286755085,6.25,1.985966949,14.27217651,16.11550415,13.00320313,3.11230011,1.843327179,1.268973083,5,22.39112701,5.864094925,11.69501244,14,17,17.40735222,0.1159638868,1.375418046,2.401874057,2.352941176,18,18.85897951,0.393434446,6.422935721,-154.7025924,2.697872969,12.08246941,1.168692165,-46.00662936,2.06256002,-18.34580607,5.850418109,-13.29730706,1.475669639,-8.176864791,2.894689051,24.08833936
CWNU_1177,He+2022,,87.37096218,0.07162746588,4.479919695,0.06135118405,-2.486249401,0.09055059751,-1.157730222,0.07265074253,2.213406258,0.07989384333,6.849999905,1.089556249,16.21087545,17.6189799,14.95428263,2.664698283,1.408104833,1.256593323,1,32.13466263,1.357659221,0,14,0,nan,nan,nan,nan,nan,1,32.13466263,1.357659221,0,-411.5356052,12.0027176,-163.7151149,5.189853934,-91.0289303,3.353356469,-28.27559834,0,-10.53302316,0,-12.79918535,0,32.77610691
CWNU_1203,He+2022,,104.7812778,0.05156460713,-11.88535827,0.055369632,-3.339679978,0.06429597427,0.41181025,0.06196441322,0.9033668998,0.06404764077,6.900000095,1.074612387,16.21234762,17.11689495,15.29852716,1.818367794,0.9045452249,0.9138225687,4,24.38850594,8.829648972,13.84022224,14,0,nan,nan,nan,nan,nan,4,24.38850707,8.829649448,13.84022224,-790.9714014,35.54898259,-774.3657802,35.28981242,-71.81467421,4.351203386,-23.55180024,9.672195508,-9.509977151,9.867966702,-15.35355395,1.102152527,29.67926176
CWNU_1218,He+2022,,96.94617244,0.04170687903,-10.00622117,0.04380021041,-3.364142827,0.05166536028,0.9451615463,0.05283122713,1.030867467,0.05085379427,7.150000095,1.05000626,16.02357067,17.16245755,14.92930603,2.233151176,1.138887232,1.094263857,5,35.39371948,8.436795807,35.76122471,16.6,0,nan,nan,nan,nan,nan,5,35.39372063,8.436795712,35.76122471,-740.9939726,21.78814577,-605.2938097,16.82053109,-164.6026933,6.867659012,-32.03601618,27.33992766,-12.66718762,22.51417114,-17.81246568,5.404432551,38.78205653
CWNU_1223,He+2022,,306.1431258,0.03725797789,38.54636937,0.0462478598,-1.439424795,0.04842287018,-3.581413742,0.05814727147,1.005690609,0.05006557419,6.5,1.040021442,16.34979684,17.37747919,15.37361072,2.003867558,1.02768235,0.9761852083,2,-1.859855175,10.77223396,12.16852808,22.5,5,-11.93732452,0.2552381516,9.774972534,1.956703559,4,7,-9.05804784,3.260094238,8.109683213,223.8236287,7.926602661,969.9037578,32.13522972,8.96896006,0.9736681412,14.45077643,2.668956481,-12.60033998,8.372547664,-3.983026236,1.619673092,19.58208377
CWNU_1233,He+2022,,88.53760072,0.04536915943,1.67641628,0.04021260515,4.757622841,0.05701959133,0.09006650154,0.04845272377,2.973459688,0.05466771498,6,1.423007607,15.36419487,17.08240891,14.10435486,2.978053808,1.718213558,1.259840369,1,19.43592453,3.170435429,0,16,0,nan,nan,nan,nan,nan,1,19.43592453,3.170435429,0,-298.8893243,6.39046446,-137.9604888,2.942160521,-69.54954604,1.374149855,-17.24875471,0,-11.30474871,0,2.568824855,0,20.7825827
CWNU_1235,He+2022,,331.879735,0.05225693143,59.01031703,0.04766255358,3.147486633,0.06863755765,0.1467167489,0.05996235039,2.210945614,0.05670502911,6.650000095,1.549528868,15.69053849,16.90245521,14.49338167,2.409070056,1.211914726,1.197155496,7,7.475422995,4.084983826,54.96909159,20,0,nan,nan,nan,nan,nan,7,7.475421735,4.084983528,54.96909159,-103.1962559,4.89317427,440.6959836,18.32086663,20.36756186,1.87820371,-8.519031891,12.2473583,5.880660659,53.56852005,-3.975095496,4.344821108,11.08861841
CWNU_1242,He+2022,,65.93793439,0.0697491765,15.23617463,0.04619815946,3.394234078,0.09422337264,-4.203479809,0.07274682075,3.445082606,0.07723695785,6.550000191,1.269046664,15.64201546,17.28491974,14.42863274,2.856288195,1.642905712,1.213382602,4,25.51454735,4.703463554,2.51192208,15.25,0,nan,nan,nan,nan,nan,4,25.51454735,4.703463361,2.51192208,-266.6538525,5.964869619,-0.3557798243,1.820329191,-114.9876386,2.760383856,-23.57204424,2.299850978,-6.364248361,0.4294184171,-9.744328673,0.9819493228,26.28872131
CWNU_1262,He+2022,,73.25745089,0.07450454434,-10.61008542,0.06316529214,-0.1632243941,0.1027960479,-1.905285717,0.0903575023,3.557664707,0.1038642128,7.349999905,1.827798525,16.14602915,17.48212687,14.98645782,2.495669047,1.336098035,1.159571091,4,1.790326834,6.500123978,11.14703234,18,0,nan,nan,nan,nan,nan,4,1.790326878,6.500124127,11.14703234,-210.446812,4.055145141,-117.0455258,3.863917752,-145.098889,4.112939803,0.7289769786,8.673824182,-2.054574516,5.216162699,-2.877973831,4.956257398,3.610459424
CWNU_152,He+2022,,305.8542448,0.01657365175,32.73806996,0.02187312876,-1.670526469,0.02317350226,-5.565253605,0.02994190244,0.943412594,0.02574802672,6.949999809,1.042352564,14.19048264,14.65396208,13.62344091,1.030521617,0.4634792103,0.5670423508,6,-27.98197937,10.08797773,20.13308288,22.66666667,0,nan,nan,nan,nan,nan,6,-27.98198014,10.08797801,20.13308288,325.3835475,7.984224037,1008.357246,25.9367247,-48.61946315,1.650799524,17.52554705,6.027045976,-35.50031093,19.1643101,-8.276120697,1.37626173,40.44639723
CWNU_523,He+2022,,354.5697391,0.04794442003,56.3043448,0.04784613523,6.933908014,0.06315853812,-2.619476103,0.05923984267,2.401127733,0.06132295782,7.25,1.257976879,16.21018843,17.47716619,15.0927468,2.384417447,1.266977345,1.117439964,22,-18.60546875,5.23453383,25.8816777,19.40909091,1,-3.876880884,0.5637485385,5.321106434,0,3,22,-18.22917317,5.105084746,26.02864325,-161.5380881,10.10718958,382.7860735,15.73951816,-37.30001283,6.766200485,-3.282454193,10.02306665,-21.99227979,23.88394347,-7.114018992,2.678337773,23.34618047
CWNU_525,He+2022,,218.5263792,0.04268095434,55.86840837,0.04333664902,8.335681582,0.05690638577,-3.798275058,0.05655734625,2.523519921,0.0611223448,7.099999905,1.638216732,15.36976957,16.50300273,14.36305672,2.139946343,1.133233829,1.006712515,120,-14.77182515,4.352432251,28.41218285,20.78333333,4,-5.749620438,0.2941501617,3.737641144,5.343808928,3.4,120,-14.39269183,4.232440758,28.44854126,-168.3166873,11.44128415,356.5855565,14.16629413,-42.61285683,10.66635055,-6.043028597,12.34165361,-19.93971428,25.58361927,-8.740565615,3.52208421,22.5944216
Dolidze_8,CantatGaudin+2020,Cl Dolidze 8,306.1187104,0.03585975292,42.30540434,0.03811599352,-2.60061718,0.04890838953,-6.093691377,0.04989189062,1.008819349,0.04376991284,7.190000057,1.100024101,15.44531876,16.44128418,14.44868871,1.992593866,1.022260566,0.9703335009,8,-2.785989523,7.120825291,39.64942975,19,2,-11.67646122,0.0609818697,0.08164248616,0.8690052032,2.5,10,-4.564084148,5.708856654,35.6435034,171.1565481,8.962899594,977.8948905,51.70213312,46.69638823,2.520595941,29.07562196,5.682636633,-9.428222799,35.15600401,-6.560296219,2.304591232,31.26212827
FSR_0213,He+2022,,306.1561412,0.03496925116,39.02497715,0.04235800743,-1.482819083,0.04623250961,-3.610987187,0.05351336002,1.022007347,0.0459650135,6.699999809,1.094173965,15.8877063,17.05567993,14.80865112,2.247027435,1.167974472,1.079052887,4,-0.7959156036,6.918278217,15.9676325,21.25,9,-10.84790717,0.3043992254,0.6652508842,5.099632409,2.777777778,12,-6.442543698,1.77348867,10.26727811,213.6268465,7.651418635,955.9359134,32.69052681,13.40542761,1.450019485,15.79668517,2.861839496,-10.07940657,9.918667682,-3.875498824,1.245050773,19.13502522
FSR_0227,He+2022,,306.7908262,0.05989646912,40.0540284,0.06966837456,-2.06880585,0.07795054034,-4.040326222,0.09093381229,1.045312339,0.07828830418,6.25,1.355688898,16.35450022,17.5650699,15.27294601,2.292124096,1.210570185,1.081553811,2,-30.22016335,6.126382351,11.22402382,20,1,-11.88395119,0.1538977772,7.214282513,0,2,2,-26.6662528,3.033898962,14.77793436,190.4190208,5.124024019,938.2276365,27.86875475,16.34885839,1.16595061,14.96885867,2.511496907,-30.17260909,14.59545993,-3.725861624,0.1692907204,33.88709362
FSR_1117,CantatGaudin+2020,[FSR2007] 1117,94.13960654,0.05675838085,-8.950252134,0.06002118954,-3.664233467,0.07132948362,0.8219041778,0.07317752105,1.111269896,0.06952628723,7.190000057,1.400589723,16.00788762,17.04933049,15.03662109,2.012708517,1.041442137,0.9712663797,3,24.30020142,6.449614843,19.77794694,16.33333333,0,nan,nan,nan,nan,nan,3,24.30020018,6.449615002,19.77794694,-713.4217928,97.66974409,-538.4267074,73.82488489,-186.3551873,24.35223177,-21.93721631,15.6150431,-5.80590964,11.48949063,-18.18363698,3.941516172,29.07911106
Gulliver_6,CantatGaudin+2020,Cl Gulliver 6,83.2939268,0.05524409259,-1.661368209,0.04792925752,-0.0208663987,0.06647529916,-0.2243206972,0.05554985313,2.413063717,0.06640412287,7.21999979,1.192529623,15.7495087,17.05046735,14.6539481,2.396519509,1.312197389,1.084321864,61,30.89332656,6.218057601,22.33036908,19.09836066,27,32.74709292,0.09169649309,1.997066744,11.26789741,2.483870968,65,32.43691587,3.606040381,20.42999344,-356.9566684,15.98716097,-168.4696978,8.408249074,-129.2320792,6.952038386,-27.62518237,17.50722031,-13.59063571,8.536443873,-10.22107194,6.294790295,32.43958063
IC_348,CantatGaudin+2020,IC 348,56.12663816,0.08415726449,32.17288215,0.05542665934,4.433558149,0.1110918951,-6.350256231,0.07375753526,3.17404352,0.1019700483,7.070000172,1.088429074,16.05252009,17.87014178,14.76876194,3.101379834,1.817619708,1.283760126,31,12.85148571,8.29806617,27.46930783,11.96774194,118,15.67876266,0.1130250742,2.831849658,4.226657662,5.454545455,121,15.10876557,0.201729588,6.621827799,-283.213905,11.68389045,100.4420744,4.215962628,-96.49253903,3.912380684,-16.41833077,5.920312359,-6.049988341,2.327206367,-7.523269267,2.150452609,19.046352
L_1641S,CantatGaudin+2020,LDN 1641S,85.66632706,0.04524676487,-8.137755177,0.04447581551,0.09334073465,0.05702337593,-0.3701209659,0.05171169898,2.341939098,0.06407941953,0,1.037902524,16.25260663,17.89289022,15.0030354,2.889855139,1.655427127,1.234427855,23,12.237923,8.78314408,27.63766224,21.2173913,51,21.45294788,0.102460347,0.2930533091,9.456910768,1.450980392,56,21.98201166,1.126665169,12.13327663,-341.0625711,11.9137095,-217.1227044,7.740148828,-138.9334148,5.02255589,-17.06763252,9.645097623,-11.7776439,6.294711161,-7.336045978,3.913430536,21.99623937
LDN_988e,CantatGaudin+2020,NAME [C86] L988 e Cluster,316.0274388,0.05357545434,50.24739236,0.05271211537,1.328752158,0.07255659681,-3.491275105,0.06753842036,1.616726586,0.06021196192,0,1.054275513,16.61834717,18.47083473,15.3213644,3.14947176,1.867902994,1.281569004,3,-18.95331573,12.45524724,8.962069216,26,0,nan,nan,nan,nan,nan,3,-18.95331494,12.45524756,8.962069216,-5.844572178,0.4624731485,619.464958,29.44490339,24.30318199,1.170385651,6.191639035,0.3713621893,-18.51610423,8.956842359,-9.994943482,0.6019888591,21.933568
LP_2371,He+2022,,82.87348927,0.06355296886,2.115158076,0.05232237271,-0.798292682,0.0786296792,0.8198085635,0.0609709884,2.580346934,0.07642663532,7.150000095,1.541290943,15.32484805,16.4495027,14.32495069,2.12455153,1.124653455,0.9998978351,164,27.28028535,4.800029476,17.93052603,20.12804878,50,32.73290771,0.1447506115,1.016870564,8.660568081,1.965517241,177,27.53331075,3.564209003,15.87415596,-347.0886314,28.38392652,-136.9046029,10.04021223,-111.4250498,6.252649411,-25.19370389,14.10938289,-7.582887724,5.838499346,-8.49233646,4.770413816,27.6467481
NGC_1333,CantatGaudin+2020,NGC 1333,52.29666656,0.07920776367,31.31452712,0.05766663551,7.086426048,0.1015598679,-9.947266071,0.07539889336,3.383835667,0.08833648682,7.059999943,1.110757828,16.34194336,18.27334106,15.01485107,3.258487244,1.931398621,1.327088928,7,5.934803554,7.957459041,78.13444959,12.57142857,38,13.08967912,0.1640590766,1.256054316,10.31527511,3.153846154,40,12.18485846,0.4400457989,11.48847703,-257.6636571,10.11802175,102.3353934,4.182904764,-103.6631045,4.068183417,-15.03362813,9.983635089,-11.7406117,4.292948713,-9.032920185,4.094450968,21.10558185
NGC_1980,CantatGaudin+2020,NGC 1980,83.7972295,0.02870979782,-5.930378523,0.02573962448,1.224534069,0.0371652477,0.5743429606,0.03191157215,2.611042898,0.0407425707,7.119999886,1.108184436,15.09186043,16.24987691,14.03537191,2.214503225,1.161779531,1.052723885,44,17.19867776,6.041012851,26.52568475,22.09090909,72,27.02067057,0.1242836338,1.652191894,4.520850052,2.95890411,81,26.65422495,0.535279806,4.730698239,-314.0100137,6.239538498,-177.7475019,3.509650242,-128.8158769,2.582447675,-22.53582894,3.89563731,-12.81963922,2.181980298,-6.652140357,1.664477819,26.76672761
NGC_1981,He+2022,,80.59884469,0.05546247612,-4.74795561,0.0445476211,0.472832454,0.07247841474,-1.260053437,0.05667496962,3.044529217,0.07675494345,7.050000191,1.63334315,15.34503628,16.54957714,14.24654727,2.30303007,1.204540068,1.098489903,418,16.93435654,5.095194985,34.41757699,24.85406699,78,27.49947103,0.2344779497,2.743951868,27.94573828,2.333333333,450,19.09648716,4.134474153,34.03159056,-272.4518432,18.0410778,-137.7822466,13.06751478,-122.927737,12.26142799,-14.66950314,27.80799933,-9.963940662,14.51040246,-7.463938683,13.53559803,19.24018754
NGC_2183,CantatGaudin+2020,NGC 2183,92.70808698,0.04665530186,-6.222254989,0.04840115859,-3.56955824,0.05790135952,0.4568918432,0.05661152418,1.202961005,0.05913840349,7.239999771,1.094222069,15.78881014,16.86861764,14.74204987,2.126567915,1.1012292,1.025338715,6,41.98034668,6.520142237,17.87437504,13.83333333,5,20.11862183,0.8875846863,2.822062874,12.61540064,2.6,8,34.14420002,3.699026409,21.57970908,-680.6802622,59.52376865,-457.4407711,40.12963799,-172.046951,14.72793235,-30.55203035,17.57883059,-10.28118458,11.89911202,-17.95532422,4.270458327,36.89882089
NGC_2232,CantatGaudin+2020,NGC 2232,96.88804438,0.0487992307,-4.692771741,0.05156593627,-4.722746747,0.05971339916,-1.789199293,0.05715071901,3.120820639,0.06027453504,7.25,1.120612855,15.0528071,16.19304771,14.08734001,2.105707696,1.140239959,0.9654678182,54,22.48008672,6.25185366,10.73985929,10.12962963,3,43.27177938,0.5374343395,8.249020259,13.65187029,4.666666667,56,23.71309704,5.962261389,11.91854733,-262.3471171,7.885716573,-179.6974229,6.203883352,-41.55182466,2.674500785,-19.03381228,9.741776732,-12.09667461,6.698881136,-10.54811066,1.644494098,24.89735297
NGC_7023,He+2022,,317.6362626,0.05909453606,68.70848898,0.05919868605,7.703038908,0.07883297667,-1.107712976,0.07479660852,2.906571433,0.06106756171,6.75,2.316985928,15.37640505,16.74672777,14.19344283,2.553286805,1.370323648,1.182963157,37,-18.15923907,6.108797228,22.82399207,16.56756757,0,nan,0,0,nan,0,37,-18.15923978,5.948039347,22.82399207,-86.70360652,6.713166428,322.7294547,10.19774702,82.98535045,3.628854666,-2.944538217,6.264314209,-16.4649608,21.29655335,-14.66240267,5.391439433,22.24300546
NGC_7039,CantatGaudin+2020,NGC 7039,317.6539132,0.03704933726,45.60159053,0.03972235076,-0.2774698144,0.05140806776,-2.605440335,0.0500072033,1.307092013,0.04650252893,7.340000153,1.085144813,15.44628346,16.35156922,14.55649392,1.795075583,0.9052868064,0.8897887064,35,-7.496267264,7.416777693,17.71356551,17.42857143,0,nan,nan,nan,nan,nan,35,-7.49626661,7.416777807,17.71356551,28.98205544,4.07917397,769.9163107,84.39086712,-22.77839324,3.591042893,7.763091453,1.528191387,-7.970931061,17.72943199,-5.553575393,1.051919223,12.4355752
OC-0115,Hao+2022,,306.1615797,0.0375667572,39.01026473,0.04516755342,-1.379173528,0.05074883699,-3.685860407,0.05903632641,1.055539434,0.04885146916,6.9,1.170941257,15.83850098,16.96265717,14.78163147,2.181026649,1.124155807,1.056871033,3,1.017856598,7.091504415,18.07746227,22.33333333,7,-9.914549691,0.3733303547,0.5200235503,5.402574391,2.714285714,9,-4.760441081,1.639664823,11.15284572,207.258104,9.856084917,926.7830112,44.50076045,12.79671453,1.253169823,15.67740317,3.283187783,-8.34055647,10.71402363,-3.569438727,1.227855607,18.11316497
OC-0136,Hao+2022,,314.5771108,0.06361539224,43.88702275,0.06809757036,-0.6633149215,0.08294501725,-3.07252151,0.08391908337,1.269971837,0.07998871803,6,1.819231931,16.14727963,17.70395795,14.89116983,2.812787897,1.55667765,1.256110472,1,-29.4315033,1.024518371,0,18,0,nan,nan,nan,nan,nan,1,-29.4315033,1.024518371,0,67.52515652,5.457156334,789.3358617,64.22368833,-16.72958234,1.395784126,6.89368732,0,-30.24736909,0,-5.35544628,0,31.48185298
OC-0140,Hao+2022,,317.8661853,0.04863612792,46.85933358,0.05689841158,0.3837008672,0.06565160611,-3.04250168,0.07023973325,1.366670905,0.05983795138,7,2.045247246,15.62913064,16.39369392,14.54713631,1.846556425,0.8774241209,0.9691322446,7,2.81190518,7.683612823,8.981351001,14,0,nan,nan,nan,nan,nan,7,2.811905096,7.683612389,8.981351001,14.51672859,0.9078323635,733.6320655,39.18997829,-12.02591327,0.7772748996,6.631527129,1.503949507,2.542122586,9.003475682,-8.770305769,1.499563647,11.28529143
OC-0204,Hao+2022,,315.5038828,0.03616930246,77.0314959,0.03763231039,5.410176748,0.04790910482,3.861974608,0.04545654456,2.668913322,0.03863282998,6.3,1.927196121,14.40198161,15.61447144,13.18277095,2.43170122,1.276724302,1.154976992,8,-19.82084656,6.201144218,25.66061762,18.625,0,nan,nan,nan,nan,nan,8,-19.82084662,6.201144278,25.66061762,-128.5845169,3.735663192,328.8605457,9.55060653,126.2307142,3.800807596,-4.228596849,8.152659801,-20.32470971,22.69939053,-10.24025431,8.810326357,23.14816763
OC-0209,Hao+2022,,341.1647028,0.04319674404,75.11273377,0.04776510753,7.195877903,0.05717219177,0.4101384323,0.06222165258,2.930208824,0.04759108079,6.9,1.148658351,15.7393333,17.04538981,14.44149611,2.60389434,1.405128267,1.198766285,3,-30.40720876,7.891000748,44.70676434,16.33333333,0,nan,nan,nan,nan,nan,3,-30.40720876,7.89100043,44.70676434,-139.4730542,2.973635437,300.1177855,6.856966931,84.04031652,1.890180861,2.166089443,18.47435522,-30.10755767,39.20270832,-12.52570938,11.03087887,32.68103988
OC-0278,Hao+2022,,56.27560166,0.07789540291,29.73754296,0.05253578608,2.496164329,0.09304688527,-5.285772145,0.06917173587,2.494632534,0.09163841834,6.6,1.12081337,15.52407954,16.93200331,14.35703219,2.574969952,1.407923772,1.16704618,7,22.72495379,6.377097539,21.48833893,8.857142857,0,nan,nan,nan,nan,nan,7,22.72495461,6.377097539,21.48833893,-360.1365116,12.88731713,115.3973167,4.401782033,-134.5257399,4.827404414,-22.15703479,19.13704952,-3.729389599,6.455912112,-11.72015388,7.377977722,25.34175496
OC-0279,Hao+2022,,58.53845939,0.05849210918,31.89325135,0.04023136944,6.340845307,0.08543243259,-9.697312571,0.0567785278,3.508784546,0.07757694274,7.1,1.245436907,13.65215111,14.64556071,12.61068827,2.034872437,1.123320262,0.911552302,5,16.34860687,4.577132416,4.135532433,20.8,0,nan,nan,nan,nan,nan,5,16.3486063,4.577132595,4.135532433,-260.2658853,7.041096181,83.13207975,2.285214932,-81.86459034,2.156198129,-18.46201081,3.724310301,-10.16483595,1.337503251,-8.570828056,1.413823149,22.75145768
OC-0320,Hao+2022,,82.83513625,0.05892004073,12.144203,0.04495191574,0.5370989548,0.08164956669,-0.6553271656,0.05366536975,2.56744722,0.06333596508,6.1,1.220495462,15.15958913,16.70656553,14.01348081,2.693083888,1.527543607,1.165540281,7,22.03609794,6.484551021,17.57897452,17.57142857,11,27.83218661,0.1429036097,0.8514574224,10.26855631,2.818181818,13,28.00102572,0.9166269455,9.484959144,-372.7273045,13.0633699,-83.49543074,2.966638214,-78.78024433,2.742944199,-26.41347267,8.936563054,-7.649115112,1.918087563,-5.538677535,2.729826779,28.05097947
OC-0322,Hao+2022,,79.41314424,0.05054203868,7.153400359,0.03745058775,2.356026398,0.06277415752,-3.735327512,0.03861019313,2.552157973,0.06039910913,6.7,1.124200058,15.43911591,16.82310638,14.31098633,2.512119102,1.383989716,1.128129387,6,14.48031616,12.22585042,19.13496042,21.33333333,0,nan,nan,nan,nan,nan,6,14.48031705,12.22585018,19.13496042,-361.7655412,12.80414063,-98.37500237,3.461884549,-115.5673564,4.124695221,-11.17396502,17.65728827,-11.77355857,4.581193428,-4.152322441,5.797635351,16.75458019
OC-0324,Hao+2022,,85.34763314,0.07018665292,9.208531545,0.05660828135,1.614862603,0.08812542937,-2.405821279,0.06510280479,2.452454927,0.08580548113,6.8,1.175655365,15.65082897,16.88584101,14.43455433,2.451285044,1.332233156,1.119051979,5,12.71057892,5.245695496,32.25035009,25.6,5,27.56082764,0.1547971725,4.197131348,1.101018608,3,9,20.05109245,2.536332453,25.29187872,-384.4673547,16.64781398,-113.7856676,4.880959042,-78.17394382,3.284852878,-17.30765424,23.86422786,-11.25111725,7.007214666,-3.274968642,4.692423108,20.90138642
OC-0325,Hao+2022,,86.07897052,0.0454936879,9.184498825,0.03526826927,2.352635419,0.06252094678,-2.459736423,0.03976682935,2.50670921,0.05750953129,6.4,1.125811768,15.71619001,17.19224156,14.53076172,2.661479623,1.476053292,1.185426331,11,27.78295898,6.55406189,21.08278176,28.18181818,15,28.54005534,0.07892780304,0.978348732,1.559088628,2.933333333,15,28.53959626,0.02687396687,1.557883841,-375.7436132,10.413614,-113.993333,3.363125468,-72.21228998,2.124161874,-25.35136362,1.500837695,-14.06745487,0.7660375542,-3.68191874,0.6459624324,29.22569845
OC-0339,Hao+2022,,83.04749797,0.06205819845,-0.3035379711,0.05122115612,1.47845982,0.07750086188,-0.8629280648,0.06109589338,2.714403154,0.07506065369,6.8,1.036241722,16.04552307,17.57433929,14.8681366,2.706203461,1.528815079,1.177388191,0,nan,nan,nan,nan,2,22.37132835,0.07197027902,2.57594045,0.5362987518,2.666666667,2,22.37132835,0.07197027902,0.5362987518,-321.2455353,10.41505863,-142.2398334,4.549453881,-112.1391383,3.819972256,-18.95712835,0.565057049,-11.19564511,0.0072894812,-5.054087987,0.1377551481,22.58891299
OC-0340,Hao+2022,,84.5396211,0.04980641253,-0.162105085,0.04547277969,-0.0788292277,0.06074177518,-0.7571741052,0.05191550886,2.456217111,0.05531383613,6.9,1.307097491,12.93026464,13.55153751,12.07579803,1.475739479,0.755348742,0.7203907967,8,22.07320023,3.951358318,10.59399532,15.875,4,32.19107819,0.2677702427,3.089174271,8.851354985,2.6,9,28.21762608,2.476106222,10.72663532,-356.0348869,13.08987888,-162.2213026,6.077757571,-114.5732752,4.302548413,-23.71353018,9.274916957,-12.55771105,4.645635423,-8.935477114,3.09900171,28.28197963
OC-0341,Hao+2022,,86.66682881,0.06766756376,0.1489708361,0.06126031421,-0.4642683607,0.08658529463,-0.7366345257,0.06801294145,2.386508268,0.08207929702,6.1,1.181059792,16.16375006,17.99384648,14.84035409,3.153490917,1.823283919,1.330206906,8,6.234872341,10.76253891,56.36965771,23.625,49,29.36450694,0.1421086253,1.365370614,5.677611215,4,52,28.55475204,1.040760021,8.376870119,-367.962562,16.59793085,-173.5617825,7.67561346,-103.6998656,4.646598591,-24.28625774,7.330676311,-12.48844934,3.618164026,-8.531988372,2.508752918,28.61081102
OC-0356,Hao+2022,,85.27161305,0.05598430267,-9.387536165,0.05678452345,0.5110158249,0.06880383125,-1.229367789,0.06528398074,2.254713631,0.0789642334,6.2,1.337456806,16.10937124,17.80058239,14.87294646,2.927636177,1.649529734,1.278106443,11,-9.232145136,6.094702287,77.86511485,19.36363636,17,20.63066011,0.08062752555,0.008441366694,1.324821701,1.058823529,23,16.89356727,1.506979492,11.85551517,-349.2832404,23.31232143,-231.1542935,15.74704417,-151.2894168,10.35185095,-11.69747616,9.024132842,-11.01634464,6.530067269,-5.887117814,4.457184244,17.11283009
OC-0357,Hao+2022,Mon R2,91.96085075,0.05856320972,-6.392114554,0.0619427908,-2.884611119,0.07453974769,1.070172057,0.07154682704,1.187476999,0.07719171615,6.7,1.074282546,16.14905483,17.43474743,15.02709123,2.407655903,1.301120234,1.106535818,14,85.8785226,7.556018284,180.614555,16.21428571,3,31.03714244,0.8148821195,6.252593358,13.44017492,2.666666667,16,79.0422647,6.601650149,170.0143649,-687.5250078,51.95136946,-458.860759,34.82339179,-184.6307692,14.082227,-67.79136946,137.775453,-34.40288962,92.12097363,-24.61222431,38.00471799,79.90613351
OC-0358,Hao+2022,,93.16746111,0.05909876447,-6.298023019,0.06183623013,-3.886790602,0.07653395753,0.3183372366,0.07359889934,1.181079578,0.07532616665,6.3,1.375364103,15.9393423,17.02165784,14.87176835,2.149886683,1.082312835,1.067573748,5,43.17797241,5.19725914,7.72073271,14.8,1,51.56219101,0.02495549619,0.8660578132,0,3,5,43.13331609,5.086949863,7.671300942,-690.71429,53.88060905,-469.0304548,36.47464716,-169.4597971,12.85504271,-37.10460143,6.029509189,-15.58603847,5.161241746,-22.43008919,2.214443832,46.07369036
OC-0359,Hao+2022,,93.74843347,0.05689040097,-6.406887294,0.05489846251,-3.710540986,0.07746744156,0.4329358344,0.07451616092,1.199855994,0.06623387879,6.6,1.145388777,15.70657903,16.78694153,14.68148665,2.105456266,1.080364401,1.025092038,10,36.62661133,8.892428589,17.13701266,17.3,2,31.66073227,0.1773662865,7.785083771,1.192863464,2.5,11,36.60338901,6.887730525,16.2236997,-677.0937147,46.60718973,-466.051356,31.94794232,-159.8784015,10.95129368,-31.57241645,13.31332617,-13.52126866,8.941094697,-18.55746428,3.982955276,39.0387201
OC-0362,Hao+2022,,90.95325339,0.05465971722,-9.798967303,0.06156906895,-2.126695145,0.0597280521,1.549449283,0.06412594926,1.194956682,0.07073336022,6.7,1.307315452,15.85938098,16.91942641,14.85516477,2.064264036,1.060045504,1.004218382,12,38.45521545,7.777785619,19.95704756,31.83333333,0,nan,nan,nan,nan,nan,12,38.45521716,7.777785917,19.95704756,-653.240993,42.45753577,-481.9753016,31.64299314,-217.2738994,14.27526746,-34.31463236,16.36653972,-14.09985005,11.18635646,-14.31670981,3.867671684,39.76515995
OC-0366,Hao+2022,,89.63248107,0.04709427357,-13.60142363,0.04806134224,-1.741946748,0.0591117239,1.712785606,0.05806943417,1.448825658,0.06230360031,6.4,1.414705353,15.81682007,16.92922607,14.67725708,2.251969452,1.112405319,1.139564133,7,28.13745117,5.211931501,28.918106,21,0,nan,nan,nan,nan,nan,7,28.13745144,5.21193174,28.918106,-510.9257275,42.34717482,-420.202367,34.42825603,-211.9436527,17.01869914,-25.31821291,21.18007123,-9.896770791,18.01014642,-11.56347817,8.633153777,29.5410224
OC-0367,Hao+2022,,89.43197543,0.03076893753,-14.09967703,0.03369053867,-1.953387832,0.03764014774,1.698430022,0.03771952457,1.479632861,0.04335448808,6.6,1.530154758,14.50401476,15.40856425,13.62008413,1.788479275,0.9045491748,0.8839301003,10,36.6434967,8.061115265,14.48949357,20.8,0,nan,nan,nan,nan,nan,10,36.64349461,8.061115313,14.48949357,-494.9232674,31.25468385,-412.7791451,26.04092457,-211.2958244,13.62143982,-31.07642315,11.32978445,-15.64305704,8.322577566,-14.26961489,4.79176573,37.60413831
OC-0377,Hao+2022,,107.3956455,0.02635230422,-12.04414092,0.02954285741,-3.277393213,0.03371632099,0.9255872445,0.03907940686,0.8563779462,0.03304334879,6.9,1.065052032,13.61860504,14.04404907,13.11283112,0.9312164307,0.4254434109,0.5057729244,7,22.785335,18.48702785,24.35875426,11.14285714,0,nan,nan,nan,nan,nan,7,22.78533602,18.4870269,24.35875426,-815.7915365,21.46408292,-836.0540433,21.80980847,-30.74589372,1.137557284,-25.07977749,16.83877719,-6.823384314,17.6003168,-15.01102923,0.9117635688,30.01474323
OC-0379,Hao+2022,,107.5413906,0.0283840976,-12.42625673,0.03129791672,-3.020397771,0.03654824604,0.8351280697,0.03911106966,0.8471820352,0.03590555083,7.2,1.155619448,14.63549666,15.13028786,14.01363997,1.116646333,0.4947903807,0.6218559092,8,31.69417763,14.579916,9.693066663,17,0,nan,nan,nan,nan,nan,8,31.69417763,14.57991683,9.693066663,-818.8830661,25.82821758,-851.1891364,27.16996834,-32.10840686,1.555987367,-30.45261614,6.786951852,-14.1657368,7.0353179,-13.99562695,0.8736673809,36.38553975
RSG_8,CantatGaudin+2020,RSG 8,345.6376355,0.03272785842,59.30669541,0.03166406751,5.601445301,0.04240219593,-1.578881988,0.03929445148,2.108896207,0.03903454542,7.429999828,1.04936657,14.8970108,15.78975475,13.98719498,1.802559382,0.9254766537,0.8770829213,31,-12.98854705,5.565841183,15.68237289,18,4,6.897453308,0.6468362212,3.242881536,15.53407901,2.75,32,-10.1878133,5.062725822,17.40134683,-158.2844217,10.73276355,448.6426938,25.79911296,-5.585559692,5.615814934,-6.15966116,5.856391933,-13.08510404,16.37617012,-8.388282208,1.221166874,16.71899075
Sigma_Ori,CantatGaudin+2020,NAME sigma Orionis Open Cluster,84.76858195,0.03279323024,-2.574325291,0.0299838313,1.642199899,0.03931926404,-0.4881082217,0.03419774345,2.486428915,0.04071665662,0,1.157562937,14.66993713,15.89903913,13.61184038,2.287198475,1.229101454,1.058097158,37,22.19535044,6.856505935,22.83328199,18.10810811,79,32.06261434,0.1207517743,10.84141541,4.336610288,2.6625,82,31.96782039,0.3948072025,7.860316445,-342.9516016,8.684203727,-173.4797544,4.433470751,-119.349217,3.279243767,-26.77804585,6.728349688,-16.18699888,3.362416854,-7.303435888,2.604997821,32.13133748
Taurus,He+2022,,66.26166007,0.05989234704,26.55039806,0.03558260941,8.133519986,0.08224536171,-23.62239016,0.05848038098,7.70862606,0.06667417731,6.699999809,1.897481619,14.2546074,16.03816059,12.96097987,3.077181225,1.783552564,1.293628409,38,19.02337325,7.42489624,23.56678175,19.76315789,92,15.91549683,0.1401952661,2.213596012,5.796896387,4.086956522,101,15.6022635,0.7216858475,6.141261676,-123.3347779,2.559462051,19.17934056,5.88310105,-35.0563977,2.239599675,-15.41917036,5.838485268,-11.97205326,1.868041773,-10.14651481,1.534161073,22.00074173
Theia_10,He+2022,,333.7839311,0.04496335459,73.48795139,0.04459171505,5.265414299,0.0587010436,1.591899018,0.05528098934,2.913055846,0.04842853546,6.550000191,1.459389991,15.38139997,16.76862712,14.26182875,2.506797539,1.387228243,1.119569129,33,-15.73931145,5.17037594,32.97014403,17.84848485,0,nan,nan,nan,nan,nan,33,-15.73930948,5.170376077,32.97014403,-126.5096421,6.420327309,308.6096175,11.16475115,82.90046163,4.663492062,-2.464710839,12.25794641,-16.79769203,29.60077026,-6.525518725,8.116433926,18.1884483
Theia_54,He+2022,,75.85840428,0.04313758917,30.27479818,0.02387630939,4.256099266,0.05538939875,-25.25374814,0.03853651535,6.383660588,0.04904288469,6.75,1.316942348,14.0776864,15.60845663,12.88271882,2.725735864,1.530772187,1.1949635,13,16.34875371,4.302442697,7.564067095,23,18,16.40540059,0.1819615497,2.217177709,3.617212707,3.722222222,26,16.88190597,1.626624505,5.740330716,-154.570085,2.751279641,17.01267702,3.134314215,-18.65840241,4.291503745,-17.50640549,5.675004689,-14.70458286,0.8738225206,-10.75193352,0.7118603177,25.26466039
Theia_619,He+2022,,328.009397,0.05474484385,52.01802047,0.05565731098,3.97572099,0.07282259195,-1.504179306,0.0692327785,2.239897456,0.06563943239,7.25,1.949734108,15.02822284,15.87195118,14.1258493,1.746101196,0.8437282823,0.9023729702,449,-15.36448401,4.835747734,16.5361662,19.20489978,8,-9.855525017,0.5779635906,9.447874069,6.342576243,10.5,451,-15.19716846,4.764962044,16.50771079,-56.67914233,45.70703998,443.2883814,33.29348352,-9.997308346,10.34773821,-2.929846057,4.916765357,-16.00809399,16.26555865,-7.2766795,2.994272337,17.82675337
Theia_65,He+2022,,83.57916959,0.03763483552,23.42116069,0.02658050201,6.244278564,0.05036058496,-37.41880336,0.03146334255,9.190127389,0.04337004704,7.199999809,1.064851873,13.50609274,14.93449402,12.42810507,2.506389842,1.428401498,1.077988344,7,13.07876587,8.431532179,4.073759185,14.14285714,0,nan,nan,nan,nan,nan,7,13.07876669,8.431532485,4.073759185,-108.1720447,0.9085488682,-6.303371148,2.317802428,-9.606326545,1.740253368,-11.22533675,3.686035995,-18.83722613,0.3790739039,-8.650849249,0.4416055297,23.57300291
Theia_66,He+2022,,68.27138178,0.03546545967,17.92697579,0.02017263251,12.19090906,0.04892378084,-18.85327929,0.03282620061,6.871959769,0.04056425248,6.550000191,1.275593911,14.0054784,15.58969707,12.79197053,2.797725308,1.58421781,1.213507868,14,17.80929129,3.957908903,5.581090448,22.85714286,29,18.83136407,0.1297946716,1.667969276,2.509933501,2.931034483,30,18.93724647,0.1382679472,2.529023935,-136.8515859,2.343067595,1.571645911,1.503883514,-49.5277011,0.8885604505,-17.43473313,2.438075,-15.18350994,0.6034952844,-7.934490285,0.9914676069,24.44309779
Theia_68,He+2022,,81.55490961,0.05030774593,25.27244016,0.03463291168,3.604617217,0.06560019016,-25.57165554,0.04492517471,6.268941548,0.04580503941,7.050000191,1.372445068,13.91803955,15.18933105,12.77777832,2.411551971,1.27128952,1.140262451,11,9.063948198,6.354112105,14.35797825,11.54545455,0,nan,nan,nan,nan,nan,11,9.063948458,6.354112303,14.35797825,-158.7565137,2.582027189,-2.137468641,2.242138257,-15.5884243,1.829477323,-7.973637391,14.19486113,-18.04929335,0.5320064996,-9.43239046,1.567255354,21.8706624
Theia_93,He+2022,,81.36868774,0.0566730562,24.77029231,0.03746965998,1.307592281,0.07368840042,-18.04276194,0.05001073448,5.600288669,0.0623269834,6.75,1.805880095,14.70401162,16.25618543,13.50408293,2.752102902,1.552173012,1.199929589,14,13.08616747,5.739415305,10.54341463,13.85714286,0,nan,nan,nan,nan,nan,14,13.08616761,5.739414973,10.54341463,-177.6355105,4.556580848,-3.377392287,1.512861699,-18.76713964,2.672144298,-11.94132284,10.49791779,-13.58389962,0.7386303498,-9.203046046,1.167221435,20.2931904
UBC_17a,CantatGaudin+2020,,83.69378918,0.02954973637,-1.519277394,0.02532584063,1.677588612,0.03601213576,-1.200953612,0.02966598054,2.784031321,0.03741437616,7.269999981,1.099025888,14.71831846,15.8424306,13.69362429,2.148806308,1.134987148,1.013819485,70,15.39610944,5.86234654,18.5413313,19.98571429,47,23.92500987,0.07975981187,0.6041247309,7.501899904,2.408163265,84,18.98762252,2.54474652,13.68748705,-309.4380104,8.979338044,-146.5193572,8.497510301,-109.3522776,7.026548569,-15.38699864,11.72745726,-10.88906208,5.683050301,-4.187149169,4.271815092,19.3096768
UBC_17b,CantatGaudin+2020,,83.65536585,0.04878591167,-1.441986421,0.03757603963,0.1451344294,0.05454220154,-0.1430483056,0.0396493276,2.452267149,0.04458196958,7.059999943,1.099007571,14.61029844,15.7751594,13.74118277,2.033976482,1.045488211,0.9884882707,8,13.53771114,7.41807127,13.49359148,18.5,6,28.68590546,0.06589780961,0.330521243,1.697842518,2.142857143,10,26.27840698,2.43955579,4.567480824,-351.5589383,13.94767141,-165.5309088,8.642192497,-124.0734282,10.24439808,-22.50685147,4.018453087,-10.99829087,1.792228557,-7.926744939,1.551112579,26.27458944
UBC_19,CantatGaudin+2020,,56.4995979,0.04758379236,29.92745852,0.03116432391,2.705509195,0.05754869059,-5.190542077,0.04041808844,2.463526124,0.0544805117,6.840000153,1.268579364,14.32970238,15.43487453,13.3716259,2.063248873,1.105171919,0.9580768943,13,13.20033147,4.641844529,28.2999134,14.38461538,0,nan,nan,nan,nan,nan,13,13.20033092,4.641844635,28.2999134,-365.4105016,14.2058726,116.8747002,4.049556673,-134.4208179,5.209647624,-13.69489341,25.29635759,-6.504394981,8.435001792,-8.371793808,9.502206228,17.31889694
UBC_207,CantatGaudin+2020,,83.86561103,0.02616050894,-4.505249041,0.02155329964,1.013580708,0.0342803695,0.6440969038,0.02720598091,2.568109705,0.03929494078,7.179999828,1.14758606,15.14529031,16.35133501,14.05708452,2.294249795,1.206043174,1.088206621,24,23.84395599,6.427199046,37.60664151,29.29166667,24,28.66856893,0.08465730151,1.009811004,2.37466968,1.875,33,32.68319867,1.640460647,26.06857205,-324.8082591,8.614059297,-174.141936,4.327475633,-126.4641481,3.036770556,-27.97863496,21.70797675,-14.74249604,11.77087617,-8.538200082,8.393029993,32.75738184
UBC_31,CantatGaudin+2020,,61.11611076,0.03073575072,32.76570083,0.01940476731,3.757849906,0.04424435798,-5.414588516,0.02831977361,2.769155778,0.03732094373,7.420000076,1.219966209,13.45930042,14.23716736,12.61941359,1.617753665,0.8215496275,0.7962039842,46,20.32437665,4.306940162,19.08540265,21.02173913,0,nan,nan,nan,nan,nan,46,20.32437734,4.306939875,19.08540265,-334.9467614,8.744754701,100.2463619,6.458758244,-90.87430423,7.803016431,-21.43658825,17.73017447,-5.1101039,5.445035999,-7.362736779,4.57597003,23.23468034
UBC1104,CastroGinard+2021,,305.0926104,0.01950184462,39.8855801,0.0237719759,-2.289168179,0.02606935704,-3.484058383,0.02935692351,0.7729293665,0.02506247226,7.159999847,1.046055571,14.60291566,15.22705598,13.87162748,1.35542898,0.6241425859,0.7312863938,6,4.844093959,8.864626567,13.64103615,19,0,nan,nan,nan,nan,nan,6,4.844093998,8.864626408,13.64103615,276.8527181,5.200305866,1263.54502,24.58236226,44.01970616,1.896159799,25.71699872,2.717672829,-0.6578485078,13.34953799,-0.6359893287,0.7097072141,25.73327166
UPK_111,Sim+2019,,304.7135513,0.02912827834,40.86724188,0.03446303062,-2.560361678,0.04013873998,-6.281607499,0.04376947996,0.9778595337,0.03730814434,6.849999905,1.085433441,14.77568217,15.70623181,13.97162942,1.734598796,0.8661023308,0.8684963152,26,-6.803196834,11.7605849,21.22938834,19.96153846,4,-4.094871044,0.358954072,21.53251457,5.134735314,4.25,29,-6.60919175,10.40860271,20.19245815,207.8292307,10.66993181,1002.605388,49.15977418,49.03844266,3.256910392,30.34915264,4.384285752,-12.67097156,19.72545671,-7.525755046,1.447525775,33.73813236
UPK_126,CantatGaudin+2020,,311.7937114,0.041180239,43.80903813,0.04884317693,-1.50459594,0.05477479977,-2.067599311,0.06094113518,1.157543917,0.05413029124,7.130000114,1.22882484,15.77614279,16.77155466,14.69778535,2.073768847,1.062548319,1.011220181,6,-18.92839432,10.90003332,26.5420092,20.5,0,nan,nan,nan,nan,nan,6,-18.92839448,10.90003355,26.5420092,94.8211975,10.46271183,867.8065947,93.25454693,4.301280853,1.402430898,8.439113446,3.576461093,-19.96206697,26.34376334,-1.277920982,1.006185789,21.71027028
UPK_127,He+2022,,313.1210532,0.04604325937,44.36068426,0.05024538341,-1.271421089,0.06191461339,-3.355072279,0.06389935994,1.228221416,0.05724632023,6.25,1.224006981,16.26679604,17.75494717,15.07268815,2.682259896,1.488152184,1.194107537,48,-13.60981878,7.528026581,21.94386715,21.08333333,0,nan,nan,nan,nan,nan,48,-13.60981828,7.52802673,21.94386715,74.01333378,4.956750407,812.8096621,40.26670351,-1.510984167,2.822665204,11.6762386,4.531488072,-14.74228995,21.88061198,-4.236682434,2.943077693,19.27742563
UPK_138,He+2022,,320.5702832,0.05374689536,46.84151845,0.05579951135,-0.2837144348,0.07325744629,-1.779193154,0.06994415413,1.460085992,0.06680352579,6.300000191,1.664864107,15.92215243,17.30394537,14.77393965,2.530005889,1.381791635,1.148214254,5,-15.05188599,13.58727112,32.64126716,23.2,0,nan,nan,nan,nan,nan,5,-15.0518857,13.58727036,32.64126716,-1.70634167,1.059783053,684.7923318,17.45586191,-27.23539437,1.143281995,5.164121912,0.4096697793,-15.15817365,32.59618633,-2.843897293,1.787677923,16.26425945
UPK_139,Sim+2019,,316.0229201,0.04446393251,50.24665965,0.04397657514,1.396834644,0.05973709822,-3.449246187,0.05655803084,1.607181056,0.05037629008,6.099999905,1.04364996,16.24542999,17.95894775,15.00162506,2.957324791,1.713518906,1.243805981,3,-18.95331573,12.45524724,8.962069216,26,0,nan,nan,nan,nan,nan,3,-18.95331494,12.45524756,8.962069216,-5.856376836,0.3369222378,623.3191597,31.15498778,24.47212061,1.218884734,6.191639035,0.3713621893,-18.51610423,8.956842359,-9.994943482,0.6019888591,21.933568
UPK_144,He+2022,,315.0923239,0.0350488623,52.356024,0.03412234038,1.161536981,0.04746987919,-3.549741837,0.04433378081,1.777553785,0.03785012662,6.349999905,1.143475771,15.68710836,17.06219482,14.53875478,2.52344052,1.375085831,1.148354689,5,-31.79822998,8.139540863,17.78110876,19.8,0,nan,nan,nan,nan,nan,5,-31.79822884,8.139540863,17.78110876,-17.01714632,0.9791233484,561.1107391,11.23363068,40.03665887,1.279535328,6.005954491,0.8571704862,-30.90757717,17.8062425,-11.3331644,0.8432810112,33.46326988
UPK_152,CantatGaudin+2020,,319.3019841,0.01772778684,56.19655695,0.01872667264,3.656634798,0.02449732206,-1.345309004,0.02386318012,1.336248447,0.01973555305,0,1.033697822,14.66167103,15.37260992,13.84906977,1.523538763,0.7109385404,0.8126002225,4,-15.75378799,14.54572678,7.030540915,25.25,0,nan,nan,nan,nan,nan,4,-15.75378823,14.54572678,7.030540915,-81.16039043,7.869282706,741.8350336,22.05882142,63.44214605,2.841212596,-3.942921132,1.023578016,-15.16454891,6.855413739,-14.0488334,1.169920804,21.0447117
UPK_160,He+2022,,308.5452904,0.04775264859,64.25680085,0.04713137448,4.099831921,0.06617206335,-0.1480770827,0.05797117576,2.165701929,0.04985120893,7,1.256199956,15.52417755,16.6429615,14.46236038,2.180600166,1.118784189,1.061816216,20,-23.71826935,6.110663223,27.39523774,25,0,nan,nan,nan,nan,nan,20,-23.71826886,6.110663342,27.39523774,-71.15535977,5.161157015,442.6680826,15.87170414,112.6150131,8.621223433,-1.132342023,4.073196688,-21.71424936,26.38535607,-12.7794866,6.909817619,25.22114393
UPK_184,Sim+2019,,317.8934273,0.04191449194,68.77130492,0.04201969595,7.815323462,0.05620741844,-1.101723682,0.05383156285,2.910950296,0.04428969008,6.849999905,1.315078273,15.54997115,17.06821511,14.358453,2.709761648,1.518243385,1.191518379,25,-22.0591748,6.512546387,28.82130812,16.36,0,nan,0,0,nan,0,25,-22.05917517,6.26206321,28.82130812,-87.20956273,5.966258644,322.1144619,10.00955123,82.67215713,3.722984202,-1.909605269,7.579763863,-20.0777282,27.0547193,-15.62417369,6.662577796,25.51228264
UPK_187,Sim+2019,,328.4281441,0.04063093662,65.59630538,0.03993732532,5.736375952,0.05442992051,-0.3229895172,0.04920017322,2.185888655,0.04416326682,7.300000191,1.404637909,14.78858948,15.78589172,13.90727132,1.87861913,0.997300148,0.881319046,12,-13.16769918,4.218800227,6.698128682,18.5,0,nan,nan,nan,nan,nan,12,-13.16769907,4.218799879,6.698128682,-124.0839656,4.07039672,435.3073401,15.49311804,69.93086638,3.114456062,-5.700120677,1.994622421,-13.84016889,6.333814799,-10.27114212,1.036208196,18.15318184
UPK_205,Sim+2019,,338.7681676,0.05431440084,69.30965389,0.05373455131,5.882368889,0.07309586069,-0.07292366275,0.06795075665,2.654452616,0.0594747222,7.099999905,1.984754314,15.37570987,16.60992166,14.31123418,2.298689967,1.234212295,1.064477672,15,-28.79771525,4.721390788,18.81306531,18.06666667,0,nan,nan,nan,nan,nan,15,-28.79771413,4.721390796,18.81306531,-141.9596764,49.8993247,363.5614893,133.0588324,65.91959641,25.55520571,1.1702145,7.053888463,-29.09510894,17.1322545,-10.20578076,3.577793429,30.85535167
UPK_209,Sim+2019,,333.2019694,0.03996818264,73.2707765,0.03967993955,5.301049577,0.05198008815,1.61133781,0.04831707478,2.917849382,0.04316298167,7,1.101943493,15.44482803,16.94093959,14.29128774,2.649651527,1.496112188,1.15353926,14,-21.54502215,5.98198373,43.02076724,18.78571429,0,nan,nan,nan,nan,nan,14,-21.54502174,5.981983491,43.02076724,-124.8643722,4.47914047,308.694052,8.890237786,82.16566196,2.621719878,-0.3023181346,16.07159839,-21.9409824,38.54372121,-8.022714061,10.35515362,23.36369076
UPK_225,Sim+2019,,186.0419511,0.03788796787,57.49380331,0.03843479321,7.985329007,0.05037730316,-2.856612843,0.04997660374,2.384296449,0.05327230897,7.099999905,1.111469663,15.79810938,17.1210043,14.70366169,2.417344718,1.322896234,1.094448155,57,-12.8284623,5.170542399,20.24725085,19.56140351,4,-1.638070464,0.5550436378,8.998455048,8.670929143,3.25,59,-11.73323339,4.8457604,20.12566138,-183.2788879,14.57216685,376.5683905,16.89384453,-33.90674993,5.492280265,-7.552702462,9.082020019,-17.47950525,17.89244263,-7.80756999,1.738477097,20.57995547
UPK_338,Sim+2019,,58.11234094,0.05665529049,34.93481763,0.04046811047,3.409037801,0.08216460619,-4.446661077,0.05731487274,2.57030836,0.06964373259,7,1.090460922,15.6436852,17.05034697,14.53932802,2.51101783,1.406661214,1.104356476,59,22.54663293,5.083020226,18.77834673,21.59322034,0,nan,nan,nan,nan,nan,59,22.54663317,5.08302077,18.77834673,-354.3824592,17.44724079,129.5553015,8.761835547,-98.42940073,6.093298555,-23.47015886,17.12324705,-2.222136479,5.921238746,-7.673349785,5.012489486,24.79246951
UPK_355,Sim+2019,,64.56783311,0.05731715807,28.12258662,0.03257733438,8.774904522,0.08041143999,-25.38923847,0.05467452073,7.541604739,0.06466477092,7,1.514523948,14.3768519,16.12036133,13.08141643,3.038945826,1.743507757,1.295438162,17,20.11485919,7.391681896,25.23331237,21.41176471,35,15.47246617,0.1483540126,1.364265115,3.41745524,5.428571429,36,15.12236376,0.226088203,3.966382031,-127.1390581,20.12404355,24.91978473,4.411005608,-36.6172041,6.680681491,-15.37980715,3.682014761,-12.73471188,2.914207455,-10.87886207,1.159333079,22.73897523
UPK_364,Sim+2019,,74.63101093,0.04976041988,30.25193102,0.02608324215,4.679644505,0.06403927505,-24.74574868,0.04384408891,5.538902487,0.05630313605,7.300000191,1.509645939,14.33935547,15.7307682,13.2221756,2.508594036,1.391412973,1.117181063,24,11.84199142,3.890123367,22.4054649,24.08333333,18,18.43016561,0.1925418244,2.301881578,8.996034075,3.611111111,37,14.78511586,2.159834889,19.35763519,-192.5997509,63.51941643,23.59135883,9.826490314,-26.21029532,10.22416699,-15.61217501,18.83996569,-17.92955934,7.093366552,-12.17179452,3.847529478,26.70883165
UPK_385,CantatGaudin+2020,,75.69573933,0.066440035,13.03574694,0.04269347679,1.79564725,0.0899581855,-3.469713182,0.06412283399,3.156689725,0.07342648506,7.070000172,1.071370732,15.51352484,16.93631999,14.30882917,2.627490634,1.496979668,1.130510966,14,13.96004159,6.088338034,12.9824928,12.42857143,0,nan,nan,nan,nan,nan,14,13.96004224,6.088337745,12.9824928,-300.4253749,11.99159149,-42.04616697,2.960152561,-92.96603774,4.259979143,-12.22005764,12.29319999,-7.796262014,1.566711564,-4.643718111,3.941317154,15.22089445
UPK_398,CantatGaudin+2020,,85.97627656,0.05854952335,7.029810255,0.04730745879,-3.244376279,0.07355392521,-1.714945332,0.05159013922,2.264749085,0.06946647167,7.03000021,1.066267187,16.01501604,17.34695712,14.91469505,2.432263981,1.331941605,1.10032203,9,26.00598314,4.074408213,9.128915842,25.55555556,0,nan,nan,nan,nan,nan,9,26.00598378,4.074407985,9.128915842,-410.746491,21.56092499,-139.2929245,8.189236001,-88.93699105,6.609930217,-22.7355837,8.471956573,-7.531126845,2.83963096,-12.79080853,1.903600939,27.151969
UPK_402,CantatGaudin+2020,,87.51214547,0.053030988,2.766582438,0.04506981119,-1.110676354,0.06577853446,-1.817450521,0.05191103448,2.458083916,0.06312993232,6.860000134,1.210299715,15.94704616,17.47799285,14.76783023,2.710163116,1.520678976,1.189484057,9,15.45222982,5.866859436,19.2239748,23.22222222,0,nan,nan,nan,nan,nan,9,15.45222833,5.866859648,19.2239748,-365.5722058,14.20428048,-157.4251513,6.249403511,-86.88881785,3.606054078,-12.19073742,17.16792561,-7.885848059,7.676572459,-6.843052928,4.133455043,16.05079598
UPK_408,Sim+2019,,84.9031347,0.02951173271,-2.443586444,0.0273254237,2.055189983,0.03557260547,-0.7480915421,0.03098607702,2.593004428,0.03733867833,7,1.233261517,14.54708535,15.72588457,13.51614162,2.209742137,1.178799765,1.03094244,8,19.16031456,6.545648575,21.4228639,16.875,10,27.44397278,0.07041846216,0.6527583996,4.064345827,2.75,12,22.87839139,0.9648303047,12.74710324,-329.769277,14.48485002,-166.4195493,7.595754607,-113.4260623,4.818451328,-18.82387754,10.86279176,-12.89636218,5.560630871,-4.289880234,3.869772692,23.21761391
UPK_411,Sim+2019,,82.78358554,0.04631247904,-3.175461592,0.03908998556,1.144495104,0.05832309263,-0.5314218841,0.04693490039,2.735736685,0.06213545309,7.099999905,1.229751255,15.62404927,16.98384108,14.50313235,2.480708728,1.35979123,1.120917642,937,18.75121732,5.875503915,27.16194305,22.39167556,669,26.67752417,0.1374488145,1.829623447,8.994013856,2.536516854,1260,22.64528563,2.779443402,18.45964656,-311.0673073,41.61466887,-155.0221414,27.76276721,-121.4427211,16.84394165,-18.70628694,15.56417337,-11.40549532,7.877308555,-6.081481852,6.277850858,22.73752221
UPK_414,Sim+2019,,87.23772609,0.05745743116,-5.12256163,0.05537550847,-2.464669966,0.06714639664,0.2317886159,0.06100527445,2.303689596,0.07044086456,7.300000191,1.339611053,15.94833171,17.1677063,14.89698995,2.270716858,1.219373194,1.051344172,16,25.57854462,4.116966724,14.47353785,21.4375,1,29.70082283,0.6338688731,40.81443787,0,2,16,26.18002196,3.763396227,14.42792978,-362.1562841,29.15703833,-212.4293163,19.52721139,-122.0071404,9.144500051,-21.99735104,11.92995577,-9.728240286,6.943157468,-11.55388893,4.297936144,26.68359911
UPK_419,Sim+2019,,85.53508025,0.045713155,-8.239003787,0.04437460274,0.1247203404,0.05796978513,-0.5086404762,0.05206450087,2.325392828,0.06422133915,6.849999905,1.083649307,16.30807045,17.94949891,15.05286245,2.896638714,1.641431089,1.25520775,22,15.75442644,8.601588856,29.38973892,21.09090909,57,21.27973162,0.1035398861,0.3255646804,5.461921612,1.655172414,65,22.28728862,1.247239484,10.53001699,-343.1970352,14.56591316,-218.8206917,10.44402755,-141.1604781,6.86921644,-17.2011361,8.469347655,-12.04100928,5.395270481,-7.521427397,3.394320325,22.30329253
UPK_422,CantatGaudin+2020,,87.91983178,0.04225499651,-7.567467839,0.04162948321,0.2019459762,0.05057981373,-0.550601114,0.04640543777,3.340755326,0.05407917394,7.289999962,1.180321617,15.21130047,16.45065308,14.15804727,2.292606899,1.255074637,1.037532057,39,12.21837831,3.942081158,16.74501391,21.20512821,0,nan,0,0,nan,0,39,12.21837824,3.942081292,16.74501391,-240.6858987,7.38106493,-156.1393998,5.590731563,-86.10727737,4.06441161,-9.349628783,13.45915792,-6.989314618,8.712400426,-3.676963941,4.865593176,12.23871484
UPK_432,Sim+2019,,98.20007348,0.03414299681,-8.250191966,0.03575907849,-3.422599776,0.04349779438,0.7309314839,0.04338543802,0.9966226717,0.0427094118,7.199999809,1.120893839,14.95759541,15.61214303,14.2150351,1.397108851,0.6545503977,0.7425585566,35,32.43108956,10.18088379,26.62331831,14.77142857,0,nan,nan,nan,nan,nan,35,32.43109066,10.18088383,26.62331831,-783.0292632,42.08998463,-616.2696343,32.39923028,-137.7243772,14.49312359,-30.26387757,20.59550741,-10.59154595,16.5201038,-17.51478434,3.475709365,36.53561005
UPK_436,CantatGaudin+2020,,100.1644032,0.03650554346,-8.148855072,0.03853989621,-4.137999855,0.04495305918,0.6392431607,0.04392667693,1.194249711,0.04324910592,7.409999847,1.242990455,14.57633256,15.09453639,13.94400314,1.150532933,0.5266068308,0.6239261426,38,21.18529792,10.24006412,23.59048894,10.52631579,0,nan,nan,nan,nan,nan,38,21.18529825,10.2400651,23.59048894,-649.8195971,43.57437044,-525.9197759,33.96309321,-89.16921389,9.745272776,-21.35130433,18.36100219,-4.824021377,14.6476827,-15.72149937,2.883836648,26.95023045
UPK_445,CantatGaudin+2020,,92.37445593,0.03554740445,-15.06497867,0.0411565386,-2.624980296,0.04622615206,1.402648684,0.0485885801,1.455979816,0.05556498314,7.110000134,1.059118205,15.54620467,16.60978083,14.65767308,1.952108283,1.010251899,0.9418564512,14,25.36572048,6.570345197,12.36737841,22.92857143,0,nan,nan,nan,nan,nan,14,25.36571939,6.570345658,12.36737841,-492.6716152,30.90135823,-443.3359439,28.78219599,-189.4991262,12.85728904,-22.15562307,9.023227771,-9.441118437,7.788124205,-12.50032279,3.386700153,27.13419284
vdBergh_80,CantatGaudin+2020,Cl VDB 80,97.75765766,0.05145392736,-9.602971299,0.05631370544,-3.293881464,0.06619455973,0.4754845881,0.06816342672,1.041169292,0.06540503184,6.809999943,1.066758219,15.93583984,16.99488281,14.9213737,2.073510539,1.059041646,1.014468791,11,43.65966519,10.97496518,29.93515748,14.63636364,0,nan,nan,nan,nan,nan,11,43.65966589,10.97496479,29.93515748,-741.8367498,70.20115417,-605.7672647,57.09248153,-149.3679652,14.3078806,-36.99051677,22.43822083,-19.90643613,19.62210962,-18.91469267,3.628237145,46.06875437
vdBergh_92,CantatGaudin+2020,Cl VDB 92,106.0434805,0.04732286079,-11.4713004,0.04981733504,-4.506865263,0.05898529007,1.625117903,0.06324341751,0.8679765016,0.05665942601,6.889999866,1.08726892,15.66607085,16.56713429,14.76617761,1.80095668,0.8947619592,0.9061946298,19,25.07718699,12.77343429,28.30458095,11.26315789,0,nan,nan,nan,nan,nan,19,25.07718709,12.77343376,28.30458095,-826.0475287,72.96677697,-814.2027067,72.13811048,-49.04144365,4.797035602,-31.02903953,20.07168567,-3.149281401,19.9601301,-18.59192023,1.890209364,36.30948589